Rank,Title,Heat,Link
2.,鹿晗回应喝多了,115.4万,/l?e=ac70Fubln%2BDLnwf9peGBXP3CilJ1GOjEDpw7QUBdxZjxzbBeX6zAO1csIueRYnzJhYgNNhrnyYhqHFzHafsJK5anIhN%2B8wI7sBPtMjdiu2Pt%2BDfm2Fcsd56H9nDaiSG5x5SLAK9xBN%2Frf5t7%2F7qWys3liFJEs9Xpwhnwaux3TA724qNzUhHnTabSKc57fHHlDoSFsirM%2F7XeZbJ8mvoKU5toYMMfvpWFOArRzKxPWVNCb%2Fp9cuW8qwMTLGJHmeBP5Ki8YXU0cYH4gskEnmk
3.,美国女子抱婴儿袭警母女都被射杀,35.9万,/l?e=79073sfqqQrZkOV6x%2B94KoCuNzlPeI3iZRA%2FCZfqhRDOH0sDKqfLuR6JeW%2B%2B%2B1HRluEsHt8InRnelDYN%2BJ96XRQhtAIT0XsUegEzM36gFgjR%2Fha0Muw%2FdKkdp3exh8nR%2FjHevoUDWqnPq2CB%2FvEDIxCEJFiGN4mQo7XmIKBXM0w9AaWmKCYD8h4oqEZWE4BfEVZHb9BIP9VsZTBM4SyCtG7Jxjzk9kqZjiah54fkbi75jHlT2WBc72c7R7T9aVXfZD5djW7hxPqldELKrHsxoRcVJcWDb%2BONpKZwkiPhv2fKiR2a2nQtHTxWEDACCaX8lx%2BtvYcJ18QuB1sAOKEI7p%2BXhRXYBbXSon00mx4YyXXez2yagx22Vyok%2B62tT56RcEXExznbSeJweN%2FsHPLTh5BomZPOMTBWIepgpGaVfqyw3xLTIdE
4.,43位志愿军烈士遗骸今日安葬,35.6万,/l?e=5fe6k50ISjw%2FjSvAvglC6nEhMVBg0ae6Zakfzh4nhZRgxu0rwQzR5JWjL%2FYCzSxc6u80Te6CY3d%2FBTbRfFFH0KmAhbPMQZcIh5hFwETWvvutNvhh%2BKibseyVmC5Zqpcd597z7G8T8e6TPjKnzMWHLNehLpAvdXSZ4gO5LFdbZsMpcLCPc7JXLJ1nsUH5nLW405PYwObTwx%2FkAYreeHL9DN2UdoOrAHtxIkzb44khErfz0VuPpLfcpAoFQs2DGjkcrU0resLXRE%2FNF7nxTiaM8ZELaOo6t6gCWarxCIukd0D6sX9Qyk3dxUvjhn87ZVfPdp1IGtuEfkhLKKyKGWFM4oIjMERJb6J1rMh478YlybKacRFsNFlk%2F632ag
5.,iQOO Neo10新品发布,,/l?e=7dd5o7t4FCqEBnwfVazJdyWnHPkFDyA5plywIuu9KY1QIYlAsYmBFXhESl1LhWEvRrV67%2BMvGN8nzY%2B%2F61R2Rv69snCbv9xlvVbOB%2FWTR%2B0PdTCqFM4Y%2FdBTfZrIb65yCcQ2JWjWKZgNcsOYitgP%2Fa9ktwO0HW3qDghIpG7lIrZo5kM%2Btpwc65zGUwg77QbcQUeQ71TK9EUCGBor%2FK3qLZcaUGew39Db6rfhBCs
6.,17名男女KTV聚众吸毒被一锅端,35.6万,/l?e=0717oYo6ij6fnSXhsH9toEfbWKEmqoyYOdAEzwvrcBM%2B5hXmjfU79D28AqVCpDWgw5iTjrxzOHb3KTnRtCWMK3xhQk4dbcQHhqJkQpy3QRwJfGgRgQN7Bujv2tqrP%2Br04uU%2Bxag4JwoVYL2F3M34Of4kp0b4wnmWPvJXFVyVL%2FgOid6F99rvSCdennHzhO90nidOJ9DN%2BjZabnpjgH9HvctHqDlYqBJF8ijkfaKGZZc3fJbCQWV4NHAl8myBg583yLpsrqnH4HSnRhRy0X5bBC1Kt4MQ0pm7%2F4foiKvWIuiX5tm%2Fi1aD7twUXLLjR2%2FKxJ81FiNwFxeUT1Dlz6rA%2FLn3K5UXE4jCcL1jROl%2B6Q
7.,辅警因为一次好奇9年后救了一条命,35.6万,/l?e=74e0Y%2Bav%2BnqLKzwKHqHxRjuw8%2B%2BqkP85HHtIFp2enaLs5Gn3mR9NUKJ6vYlSd7%2FmhnAOwlPat1Q4PngpkRaC1slAinEw9c6qbTAtd0IKwEbb5MNDrSCYUFrUKeECEPuk7k4x2wPH5HslzyuV%2BJk5Kkej0IWqHn1v4NYVIvn5JauYHv9uUuxl9JDtpiapCCR6lTRwFQPHYhDg3Sk9EGfbxTF%2FrNoiBtRkgEHi6ykXgNdjJg7YXAtX7Q6pAtKNqSC%2FjBG3a69QIr%2FOhOzGCZIgXkOExjLD5bL6ltjL89emL77gjI%2BmQ5e9ceIKwx%2FdA6BnqQ%2FINdNXICo0BGlOy3E7zxe3MfCWWz%2By1cmxCApdcHT2OE5xj6Lm4gTentVrWHgMBrmg92XkSnvkBAGJh5LsQUB1gk1QU9uCuxw7T7H3kjp5liqlvOA1
8.,山东一金店被抢损失或超千万,35.4万,/l?e=0843V4HrhheidOsZqXIAVM7JXPDlp6Kb0FtrkLFflEVXPaNjnMzk7J9tIaFLs9Pzzt6NprGj8EcFvk9rizr0puulMBW0rJO6BKN47NcFvwap%2B9%2BPogbrUomP58DD8VR%2F6tLBIRUbsibGyIrhZ6GhI08b7kuwYrP%2FJ0KdxJrTJaxsPms5HRdbIU1OfW%2Bpd3ig9%2Ff1tKV7i1JVcMGArugZJ6JRad5nhX2gWtTzdQe0mBFB0pdPFlJdc5yA8q5bs2FWcEfpm%2FSwTfN6BH28dbiSm2grM6vZCNI%2BT3nHJdGXstlXZS%2FoP%2FEq%2Fkvxm6uWb5ZcXJkkedf8rk8N6UwC25mg4NfbwulBDNGU9xMuSrKb5qz%2FjZkAFHVGW%2BgOd8emMB%2Bujg3znTzfzGY
9.,吉利星主播,,/l?e=001avc8EoobjfcQl8gYb3iBeeC0dM6ug7Y%2BDQlNJB%2FqEfxV7M%2Box2CmVCdMAAD9GlshXXomxpgAukdNInXcDMuyNJzE5Xu8x1HFvlotPd4mlq0z4ZhGOPxwiiCb2uhDEaT5iCVE9DIMhMNX5A2sDlm3IvP1z%2B1wA9noIwgXEQowuxvBTdgZwQgcqTvW9dCBd9%2Fispff%2F3ZooxjH8nCRLeykVWcYg0qZzw7%2BxLBmsSC0
10.,鹿晗好拽,35.2万,/l?e=c73clMCLlHZGKFJ36IXHLIYrLeSdyteTd%2BTF4WEDCg7cvr%2B6ZRhpKLnnPYivZPAnCxmFPXnjv4bjnw3eMeblm7z%2BwiLshci86qkxYLilN12Y551ycCaC%2Bc0RRQPp%2BIkP6PClYV0iLR6NiEVzVMQPD1oBdEgU3%2BlrPlEjyX9v%2FOETZOdMJ5EzOtJdbe1nyN8K4VJowkB9knfclsTrAKKbtBM
11.,冯绍峰接想想放学回家,34.7万,/l?e=80e85QXriY1zkTsooMxw0nygVS8fcEWr4HXdEOm23zQXg61cZ9mi2MCG%2FwsPacu9V%2F80KCfNIvlQv0tSn4gTAqFwwATEtPVsXkjxAvCu%2FweVVHJl5DPU6PNyGOKk1wnQD3eV%2BuYq8gndXxHf5CQSLsycVD74JNskQ9Ukds%2FN7SYyTFSxrblGIimod4J62oQWxMZBuNX8g1E3qDbsymKt3zPckYPRKKp8zbVTwFQ7ieCzt%2B8F0aVcPaE6hk3MglPwM0d%2FFxqOXNb9m6x20JIq4rmbbTnbG%2FJV7Eh6FGLeCFjAOOTPXO8vJMRNV90i7i2DozjF1JK6oh47QfE
12.,再见爱人4第七期视频没了,综艺 339178,/l?e=83ebwryWPhC%2Bt7dGmS3524gZXjdWqer%2BnCTJbXDhoBYuqqejVYjem2gRCNHxVaLvrDFnCfkD7ra25%2BiJL7m82p%2B9qUwt1JSESnQDW%2F6zs2aON2GKx0%2Fy698LWus2aE2DT4CA1QgvIotd6lSNCRkSpql%2FU5ZMnGiHB5HmstiPpkQTkk5E0JedUcWPdWKTgbZ4%2FpEutwMfA0pRI8Zi0z8m2Y30hlwv7Q6V8uFsp3WmT8pLCX6XaxEKSuGdti%2BcEKl5oZZ8RSK50ScmXBPv405qDvkpMrVd5MTs08xFv10DkwxSJ%2FsGYFEMq7KzByiiA5lsYgmKzTQWI45gk0sJg0odteKHtXx9l1e9Pjtf
13.,派出所回应山东一金店被抢,33.8万,/l?e=5c4duMDXBLdiByrBCR4qjaW2g0dwF43SAl930SBpDQgeJlnqSKKmgBv4oj129aZiGA2fgp3SBysm9BTWhR3nJJmjuPDO7zzF%2Foq1kT6tZc0krwdFRCUyfWvGrSIcG5MgsgBIlqPWSw75CiFPI3%2F7Shi%2BTahDzJ0dVQwTI5%2FELxCUrzoqLT4N877X%2BuXbu2ujfRjRXcd2d8eoQiX373n2l6MwylJEDTRSSEEqflSVVs6BsIoIAYpf94VSPTtMUl8DWvQaQwTcfvzO6IMxVbkMqZ4IXOyfWPL%2FAtxU3uPdoqPiifc%2BU1mqDACGH80%2FslEo8%2B5%2FKINxv9j3YXTuDd1qSapCawkNIaUg1G9yxA5A3XOEAfoR8IOpAXA
14.,黄雅琼回应郑思维退出国际赛场,33.1万,/l?e=3f30aRb%2FH5U7KjkCRD1CFVPRPSTsPQfK54k2J69wrD6HesOA%2Fbu0RHL79BiR3ec3rklCq3hJ2lFgYrYfaNstNtciJOLINUzyNGdbyFT4AOjhAo74B%2FOd7UaEbqybsVUWdiMjJCGkg1O%2B4aBDheiOViFFNZePvhc7TNK42fFoQqm%2FzmZoKv%2BrGZoxd61BiC8THNKf1pz4pa%2FPwgpDT03%2BR9VuK8A5kDgTGJncz9O5WfZRLufs5fFyW3QAirGrhjt2cvvqpSL119Qx3Xx8zcRw1sRjGYe%2F0yrd9XMsHN3aAVnlVr82DIvHWjE9hRoR%2BPkoPLlQrs9NfKE422A1cesvYkqH%2Fj%2FKfLgxsQhfoFQtorJu4Fbl9dj5yOpE%2BjjyPVxs5TpAn8kWFs2JACcvqSrbRBIFvLWS048
15.,蛇年春晚官宣,晚会 326190,/l?e=81a0vF2kQQ1xiddPNY8k50iM5ZmDFv3nObhJyeG4HIEWRVRO6NNNeLJol6tZGqvFUa8a5qenZ%2BlgUzs5ftLj0lEo%2FhMQwLNSrMeiErxqxjw3dtA9d5aCnY7drJyEvwJBmlQ%2BXmam7n9RKRoiE4oHavOYiydNim%2BlrS%2BP0siSwWObF2CeF%2F6xEEC%2B61TYtrUoN%2FyuYcTc1FFiWpmJXNND0NqwBwQL8PXKg7I8dmO2UaWimeiZbBYXO9xovyv3GEw
16.,韩国人的精致穷,32.2万,/l?e=e801%2BhiyndUX6BQjg5HC%2B6iJRSvzuwoWuUDS0PR%2BS9VLCMPrxLDz0e4y08PCIHpaE3vIDjY8pv5H3KbiduRDmg6U4vbEC7%2FUTSdZMkQEYK4NFD4hLO%2FX8X9Ba8ZvNyM7qSH8FJaKOcNPUoXWQHNdq%2BnIXQOLRfM1963I2%2BA1C8ZddpACaCcWHej4oMElvwjQL8614EKKaba69QmZN6avZYVmYFBRIKzVfoZO4AktpxIalwhYgHcwdr%2B8GxMvBep9H%2FtlVgQWA3TBNVjGBHw
17.,王源头像P了个新帽子,32.1万,/l?e=aff9cCqcRU9LvD%2F6a4HtnF%2FGXNfWW1Cc%2B41clwE3CFi4B1YxITyO76nJMyyppNl1V%2B76YdZkrEpKzNrSO2C1DEAvV67FpkKWfnKyjEFDVvGKRTTlTC8QTnU1PJ0DwlgRxJP0tn1UEnlTX5cCAVe7pUDL6Gb0Pj85LZ1mY1aMrc4FFd%2BWuOevcAC94qzTWp3BIgfOd5GXTFb4b8GErgzJmLPTE8VhApkbIYvHS%2FnabLfvx2q9eWoxvd21Wq8D1uBTeFjII3VMOOcHc2Y6DivJmZc1QCseczAnTYiSrVabEU6o%2F7u0t5xwwGOjp5dw
18.,林一长沙活动取消,31.0万,/l?e=17d4ONjximMrvr6Txu7Sr13j3LWkKkB5PfMxWRQMIqu9D9SxB6Q%2B7ZkqO4sjzUzNxY7bMRKshV94p2rigd2EKJUxrTB%2BPf5iThk3Ym%2B4B706OiVU9NlCc350R7u5ov3ctd7afQw1sjToS9OWzbhjkFM6fNCSj5WbVhizh2IvDowc2bojlGloU%2FxuKxHP9pwHTs0ddxcePOx6sEmylmHZu96Q31oKiPp3nD4%2B%2FMLIlt2ATJnUvSIOJxZOKs15ZW0LzusOg9WvPGjge88tLwZj7IPY7OfpsrV4RzxfI4c
19.,胖东来调改永辉超市25天改了啥,23.4万,/l?e=d55aZBAuSKAhEf5IgHUMt3T14Pc3l9VwQgIRTsz9gOCnv7evXyb%2BiUSP1pLL6O0gNZYCmy0IUMBU53MfuMk9%2F50uANozz7C3CSk3Fxk9vWL0kSno96FIasPjsgq4fZvyaxpZ3uIZ1i4FlAGUMWkjS2UbL5BcPMapCGSAOopEYD5dEiPr%2BtSPVC2X2wxqhhTEEdWtb7nzc32Azemp6V7o%2BohkHhX7a%2BosY5XglYLsqnczrJ%2Fo95hUnyBvDwiC8IDTO%2BHXF3hjRJHN%2BHeKG1nfoFAUbRo4hIhu%2BopY%2Bo46%2BfCnMStcXw1sgt61KCAE%2Fj3DbzyZMJ%2FEQHDAuT0I9WNCxG3ZEPC5jSOOBrBfdO8ioY%2B5SbFTa4Y4TSvhbI9PgjAEhoIEgAMYLbu7nw
20.,王楠女儿落选国乒少年集训队,22.5万,/l?e=cbadtLpYBWb%2BEHXeE8ylqYTaO%2BXbpOcsYAoija%2FY36KhF%2Bg5z7YkVmFg4hbCtPDTwBPdAl6BLEUjTV3KACORiQ%2FCg7Fq4ojzZDdrhEFDlIwgebZ55CudKCmyOfO1VxTSYpCpkq0nWgdASUVsH7ayeph2uloeJBY1tB9WaajIFHD6SbKv0lkNN9L2cuCyyOhFSUgFOaEV%2BDwVSQsjIFeMGYPMNDZyTt33ZNSBItNCHZr3NIDjXMYGE3yxgIqUyntmloo8gvbXG7HVcgrEQnu1cydZdmYcPjLBP99DDE%2B%2BPiySXNP%2B5ADtP4s%2B03%2F%2FMMpwX0c2yezkWMa%2BOgEsS30nM%2FGz%2B6YV0Z3dTpE93dqD2mITeRnAXLD1A9gB%2B4eAebixQ7Pz8cLHS7I
21.,巴黎世家售出8天后要顾客补1147元,20.9万,/l?e=bba516UMxBuNm2jMvHXBF5Xocw9JbWa9TcjUgyipBa9p3lprqCqTvvTmohcW3nldoNaRNZOSMXYoxHr0UcZuysohraZU6zpzuqt%2FZzbaB6o4Jhe1S4M%2Fq1%2FSlqKuXMpH0Ug7AEJe0q%2BTeak%2F3twE5gCZIo83mxqbDvLDk2r12Yvy%2B9CKENZZ%2BR8jngrK69Txy2B8KTIcIhVNakJoXYOx3RHMqDBfR6tK%2FIdWwv%2Ff8SwjR4GmpLRm7vMRvQk4kMTYDlt77RwOpaR1Vq4Bhr3a8%2F5uCin8Y2L%2FJ5OAeiN6p2XzXjQcAUvlWTvdub0c9adSm3urOlrTxkSGY%2Fov%2BcUzyea6j3TurBPV66LH4jd%2Bwp8z1UFoEmhvI%2B6hOq97ciMKvEGNx%2BQzTk5XKgFiBg
22.,古巨基钻石败犬live首秀,演出 203455,/l?e=e4dck5T16wQN1s4JsKf2v1sWNlzSi8%2BKTcv%2F%2B6J4RpYav3LrzDMPVI8o2nXqUIQU9OmI5mO3blTAJ1rM9H6NnSRjO4qp%2FzLVcr6bdj7obqP2NoevLJayXiChIiZGyKLntsDXq%2F59b3mHRNgFsYZlnAeHI%2BlxOhIulcn1D0MYU0duJT5xw7bIq1ARreAF%2BPasNdkAMVr21tnUWzdvtNvK1%2Fw9%2FzD3MG4HGAnd3ekdSBeR27GxMxxnqOE78g7WDE%2FqMbqn%2Bv2fYci7wnoaU%2BJg4SGiSvrNWoIqI%2FfVCpGTFxB%2F2jA8ahX7K78C2Zzho8%2Fh
23.,欢迎进入中女造饼时代,20.2万,/l?e=85dafidb2FHToSd%2BwMOJfBTxjYLf8dC9%2BX4%2FvA69sntaCYx9JdTo8zeI05k2FQFWUJ5hAVGNI8EIGaNzWE5ulCMexPiK6JHEI550ZzVmn3gS2b7cPOBAlHWlqsCmyddHCoekCEHs%2F9B1vczE25jj%2Fh0CJmrL69uLFJhqrX1hdW5%2BDTXryaZfWQKYJVNgmWhBH0uQN834m82d6EdRciVg0PedJ%2FNaNl6AGkgpLHHQ%2BaIJezNSvSTPRhcE29ymnRRdSRZpuoQ7HgpXodD0PZXmS7Zi%2BUI7EFCQ0dAtz2g%2BOKwXHMT2jwcvcumgiAzbuAur9KdxMIS3691DsmI
24.,孙艺珍为2岁儿子庆生,20.2万,/l?e=da4e%2BluK3mBAEkV39TjRoq5a0sBzz1H9jd%2B817mbXaDaM0qgQ2gqPKrhlPxW2NibhcYWQq0a6fcxpOs%2F%2FreY4U5YawPqoNlvYpWh6qBxknx6QOM6fDKAP7D5jmmx%2B4e6yo2X2i6oq9Mn4wIN7UDMLlRwkUxRRNB6xIdVUuYgheu4qPcu4ikyfKfTHlhaNiRXFIL8VV21XA5s6csrmM6Q1ZgYoSdhGnLi%2BpjCOO%2FfOipGfIgl0zeV8z1z%2BfN5oRcx3QiQe45q2lcs%2BGlFTavLT3e7Sb9q%2Bys3NJtF7skxEY7KrJfRv9DxDggEL2nT
25.,外籍男子人体藏毒123粒被海关查获,20.1万,/l?e=e3a1NTuPvlMLvOIP7iLSx0FJEAkzQfVYVEe6hI1D6lUjEeNusP08%2F0Hqso7JHmJpPCaJ68RkrwiRDXpDrAzYs9jRJ2vfB%2Fw2X98okSlTdfOtb47Pv5IF9MxWS%2Fzapz45qdXYOkGEqSxuL3m7EOnndMvGtss9BXN66rEDOBZ%2FLvP6%2BP2BukB4bpQd1DotN8MuG7JNUbnfECJXuxoU%2BJd49fLmlK%2BRB%2FbZEL7oc%2FJcFZfsh9SJ6S0nCW2eEBHZ08Xt3Q69gPwqYQUUsa%2FdfaLi7OM2lTwty%2FTMC0PKNHH4cbr0ia%2BdVYSZlG81N4VXXUDQ5iWDrWSrRmk9fDl8zUw4cdD5PfjL8e9WnzNUmcIOCXPorkfKZfpRyig6kI%2BEzG9lBzps7NlQuXqlqxPcKtYk8EAu6HJ7107E6lQ
26.,TES官宣Meiko离队,19.9万,/l?e=59b63ktkw38J6tDqMO7r4Skx%2BzpVqfr2B6zzf2OAsShBxQ40yeTSaTzlEV5otMy2T5Xv5j%2F0XhrIjPMxLVk%2FDx3n3SaeysF%2FqK28nuP7tBIEI1YdRgaVPzLEmR4mxKKRdoiSEkrWj8APr2FGyv7YKJ5L1GrP1jkN2QsOqXiguc%2FV0lTRc017uPjFadPErOlNAy%2BbQ67MHDX8hbOggQWYpu6StNZfi69p4A
27.,丁禹兮看人深情是因为六百度近视,综艺 197584,/l?e=1c55HZ4GR0NnxU%2FemMAMoUPObck0RXmWLSJB%2Bw52Jqg5iyXvlcKuKjUG5nfTArUxvqxj%2FsV%2F5FJZ5Oc6n%2BD4%2BErJMLJDRkYpKQ3uwHQEnDXcG%2Bhdvym2QcAXiPGWvuAU7BB%2Bf3jJehlgLX6x%2BllrXmQBKueUhTgmhGZt5y%2F1Xzbq6YBjtjVAkgI7wKxiNykkp1yqyCVEuCiZhmKbgKd54NU%2Fp%2F3g49IPUWZS8yYX%2FiwRpRAJmzDsJ4umC2fzVETRzfK9w%2F3LRgBceIlMTZwAzsF%2BKwYxmBbZKrf9eLdvxve9hRzDpWdTRr%2FcqYoWdIVdTnTIcjQ0OZcdHRi6kyNgwU%2B8WUK3ewizsLJ5Ru%2F98XR7U7kkZTOAG2vlX%2FEU9zLGAxRTCz0ek4vtR2c6obnkoawJo%2FtuxNFfuZQ4QkdetweZD%2BNdIks
28.,崩坏星穹铁道,19.1万,/l?e=f101lvvyqpWj2wgzzBIrSkoXJ1oZCHTQ%2B1sMA2FPEsEYtGpEqsru3r9zgYrj2%2BLF8prnTOUjbBCP2jeAJsMC2ZbgAIMXZxGRmtJZDMsnnVScaqtcVhddMpzZE5F7RZiu77mkAZteqYSEQTwnooU9VaTP0%2BYbGjP8cXwHrUs2LKftc6lRTtiT7nCI8e1Iy2LgoSNr1flBDuxKhwgTHw%2FwQgbIJwCvs6NIpfPgf3VFpMeBl%2FRyI6CYuHM5MoMC78A
29.,优衣库创始人言论争议,19.0万,/l?e=7abev1rmKzx7JJNf%2FRR1tmxESFgrMEXAVzwXo6UeWaJ47MYRcHs0l4Badiqze3Ql5%2BwdVa37bHTXH6r7%2FoM9WV4p0WSZ2vZuHOT%2BFD2YcIyiOF9iTxY%2Bt2Uy5NWyU8Fq8WZLs3%2BwsVY1EHTMO%2Fn%2BLlFVUo7ihZ22bmrEhS9TMYE6XUmPs2gNzrjAkg8uR73g5gUPeFbOZpVtg5kXmRCNPGs%2FU%2FZF25sHcLUt59UTCKnZQ3KfIWgslhDmMutIeMYzXmPZe5t%2FWFvCvf83mYWtlCFnz269YTTPaw3E4QM3X4a726qSxBIWYQqlijmotgfFrCnQPpB%2FKSNRtOI
30.,年轻人买的水果半数是情感商品,18.6万,/l?e=0010rBJ24LNXHMogvK2%2FTPQaHCBc8T7WrJECRK3gM5WDAeSVWklIvZzHwxwyCkNlq8eAbMA1FfH40ah8sKa%2F4xST6xUa5mNAgjiyDfGGD4BtCTBGpoy6uHJEjEyilsAChNIIpzFHz2CjH5Cd66VeGU29u05WZveJsley39laTqb81CD6sxqjGREsSBGTVvMdxNJQIAgro0bCJVvSmkhUxKZbCn8%2FTKOUfJDuediRt%2FVlm2NO0miGePAf2XDGJa4qcXWsSls9ZHdpgVemzjDhgUVJ1sFBGkuZqANuKNGTyZauqaeFsN0kArdgsW45cgKp0nMIoitkRnJ%2Fw%2BJMORD4eN3uJiWo2xvO58WG54MiaNdJs2m3h0tDvk%2FdMHC0pdcu4TSD1DiQmvDQqq%2BKU6%2FlcXPMK9ahxyk
31.,唐嫣灰紫发色,18.4万,/l?e=6310VK8XnUXEbgCKW3hutLmrF8F20yx2JAazAx7IprOxzb6NLu36alZ84WP8N4Ztc1w4ns%2BOPA26BCXctiFsxr4Rh6pvF9q707%2BzQx%2FpAeQik5HVhGwhoUu9Ege9tZLhRNVjP6KcBrCljYfJPYh1kpIiVuJNLxyoGKCJNSfhORRARboPGQLL%2BXzc15UvrUxmBCdFtPtzKsR%2FgnxeETi%2B6ygpsp8D1QQDEHi4Vavy0SndFqXgVQsXaDzhqTzZ%2F0A
32.,老人吃腌萝卜后中毒整个人紫了,16.3万,/l?e=8ba6m0CyioWmxf2tmkmP4mJmcLObpvkBv7kWPArjFhv9YD4E4A6ZnEZXjlQWNTmkU6i23s3PVNhQR7O8d1gDHkdp4TWkb6aH%2Fwbj2qhV7RwCy0FqAZwIRq9PXNFPUk1uYwj6CgQ7M%2FYmdiJ05pZcp9K2bqFhz4ijfvxm8%2F%2B%2F%2F53skhzOkGgr1DlmWXJAIpAmul1lJyTUmQUQn1gBViaevzMyR%2BDp33OQM%2B3fGtF2wzWMMv%2BowKqy7amsysC4VZxr4mJYk6MnafHIRghL0xaDYnM4CWcU8SDhlc4r%2BryGZzRsd%2Fx3pCJj4JKrVv1CNwY8nKP7pJZIYN86uwvUUU5UKni1Ol4DhsscYZYTjbUD3WOBfRGxKuVeNfyYXPVYqBS23BhlF2zbmmGY2gxt6M9V44w57V7%2B%2BNc
33.,林一霸王茶姬活动,15.9万,/l?e=5711WcEC2PuihWGc5M9pQMed7wEDjKg%2FbaXGpEMFGhgz1tae1tajYSqgF3ST1ImWTgg2meBc%2BuXe8mh%2FPYITBdNYre7VNp3cVh5VvPWpZA51b5EtRgMY51rvY3LiFx87f8ZEejFschByZL43mGzI%2FIcjI4WEPV6pc60a0OWM2FTrvMAIvv0nqr0NmPPDwUOLfPRM19GQK9o2%2Fkm4jPTabXhG50K4L%2FGjM8uOgo%2F9mgL7fZ4HKLWxHaR2GVnJVb6W0RenuKZI4kCNWjDERdMzhCLGztYuWXMX0sKL%2FPE
34.,老师向家长借60多万买房还钱困难,15.5万,/l?e=549cf%2BE1AC8jeOPQmJIqEInBcfM6Qhp73uVu0Y6GoftMCWUlu0e8dleNa%2F902ex5PZl6QOEucxiZeUV%2FmRCYTx8AQ9MyrRabYZU08Z8IpdbP4ZglcALbRjuoV69Tr0zFfy4YRqdrGH0iOnmtQCLdSVwReEF4bVbGf2x79ML8%2ByQXbwnaVTdyDChLpXOM1%2FWrsf6lLwtXAnrJACT8ReJu97blp1f%2BbY2vUCWicIc5x5WgB9V6cNrBnJTO6QgUVsBkQyeeu2totlXb6obeTkvqlnPDIEmTCJnZ2N%2Fs2b1Uri9ZU2BOiDzpILYlzLHnkN%2FKUDaIPnJ1wqgD7oOc5F%2BOy6VUEEUIMIFIPOfHfC7I4TyVPL57CwQuOY9%2F1NIpwgSI7%2BDNSvB%2Fbhh8p8w5bhFcG1EA%2FnhBQk5v8A
35.,杨子黄圣依 人设,综艺 151552,/l?e=adeeATh0%2BEfRZ9G68YZMGxQoqHCSubmTEhwu9Buk0kocHhE5BGMijEokbWC%2FrumFLRqmSC6b1ZP7A3xEQB1f43D3W%2FQVFS3cTESDVPXNmi49TyCW%2Frv9KkkxEmstp%2BUm5%2F3s7EdvkethLpS8rL21v%2BMEODJdIOvFmEO%2Bo1E8VWmGtESPpm8yWIaZodExN5tT8JVl4Xw%2FZADYMM9CXbtYr4F7KtUlTZ4g2DZ0%2FzI0K3sVRuZw%2Bhvjc5Zw0W%2BwbDB%2BKpQ%2BV93LpVh2KzxOtLVCGmk
36.,3人1分钟抢劫金店价值千万财物,15.1万,/l?e=3465kBhlAtv0dF4giSDSl%2B%2FjS8bq6rbeOI4hdY%2F%2FgxJZLYyvzuV7%2BJuwTbLXeA%2BQT3U9cU16VdefBKUBCI7NNAjQGEv6IkbHKyrBSfP%2BtxZs8AirqepVUbWrbRK47CkxeD9ev8Q4%2FM3hprMkc50Oq7aScS%2FjRLTmNEVVYsJTpUE3BGXPB3eXlHDcxah3aOhjC%2BHU6pzOqpp3hkYdQmkxcSV8Jq49IQT9o7Bfb5LX2wu8LGlPOZezvG3ie%2BwOkAhBPgxP%2BSOllAm5aaQP654JQGYogP1NHlxNDJ1tDVt8gJN6Rod%2BNg5DSlxnb2f1F1gQXXKQcCOM5XJnXjqQre0ieB0wvFNsBa4v5fGa4Lt5hUX7oNoRYDHu7llWI0kUpS5GZaGYj3GCk64x%2Bg
37.,张杰唐嫣荧幕合作,15.0万,/l?e=900fN%2BVOnA31saFvRiBdSGOoLpG1KnQLJvan%2Fbz7jqX6Wfjhs0msxByHj9yMhPC0K7CxhIw5oQ29%2BaAtFeOdtb2uzH%2BszCf4AJzY%2FHWvW2AP%2BorOoa0HMFTNJG3I%2F%2FH96M349MdS4iGHoN2vTB3KAkfKtb%2FDQq8rJwET7eyio7GfB4BaspV1kfX1z2sArc9RL33N%2B5aqFA0CTfASGkDRV92KasumezNKXiJzqWXt8dBKEd0j90B9nvTn6pxXPZrfsgmS9kHaXb%2F8Up3ihT7fxKqLLbm%2FJu1tI2JlYio
38.,中国游客在马尔代夫潜水遭鲨鱼咬头,14.9万,/l?e=cfe4UMfj4lrKYr7444DUw54BiCb%2BarWiqmf%2BNIgjJ9OW%2BbXIWcBomzOOirTDSreIdJGud1QMMEBTnVwsrIj8T7D4FHlZTSQtDU9aAzdvvyXR%2BRNaTatnxjLaAwiFxsYfHBe8vPlZEwGPDWZL1LU5N%2Fl4%2FcObPKHw2JMYJ%2Fu0EqM5mkKeo5jeUKVKHSKKNm8QjSOKxC8xmpCIZDyaCjiWF0GHze8wBDEtfniklLlMBtSnLt8pWL17vnV5rzpK2pSlwadqRJ2gCc7Fs10J69bXS4YSvdFym6qmw7XxlWZEeAD5CciYSpWXH7KCIOHn0Kh6Pg5tIyn%2FkV2K%2BubMfB7Ykq2O0aVzphKnDR1NgD0X%2BJ%2B0EoSFCQavGbf05q9tUxr1fPAmpi%2Bi6lTj2NAvL7t%2FEpo%2BMVIMmkXbwN409VF1S4VQjFQdKc8GJmP541YqRXa2u4hRbKk
39.,南宁一家长称15岁女儿孕期被砍伤,14.4万,/l?e=79e43CxDmoue0GtiDHvC4w7NTOcWu5TI910aQHs%2F2nFLzDR%2F%2FIPP4Js7UyxlOlYYUGIINor18XShtWJKUmmzOfHMQG0UqlG78KUUNCCHEY6OwCaUPKbITHyrRoT5XzVjsvNPpirSxNl54y0GIMX%2FZnePrgpToAxPIpc%2FvFDF%2BjQFwmmCmlQJwqJ0thwahsRaKS0Jk885bKiG8q1%2F%2FVe4%2B60FzoXmby%2FFpsCshr9lnZee%2BSzETdgiem8Q4Wp4GmMHWVcgrIw3vCbG9lzTOSrQsJE6%2BfWb5tBEqUPgzTI9bga9ptTGkypcP0ric5nVJhJHzuSPGVL30cQggY8XTxGiPIYIeC7CLhyIKukqo6w7GF4aFhpob7zYG8Qk5%2FjjEE%2B02gX7q5qeDO9zeuUkV1LnSkKcDfqbB8uj3A
40.,你家的筷子多久没换了,14.1万,/l?e=fdf4uPoPaYBwj5idH0yiSvdS%2BkZvFBVds%2BK%2BBiZpjkkOAP%2FEZXYytO2QYd2YJHVp4nTzsybQKaLOtySIu0Pbd%2Fy3cqiV0erYxcDB%2Fjl0H6IwarhFRvj44QKlqoDBk4e5%2BsvYbUwmuETR%2BYDE4WA2Hl9DS1ITCONqacIBxb2NDiSRksDYi4b3GmRKDSWq3ErgKuFSRDryV1v9iQIuKp%2Fo5csA6lziWh0sPYMTZBPvNGJ%2BA5hFKGJy6SHjJSfGUQzaJVi%2FXS3K0Uzy6ZGWEhOU8fCESwuUav%2BT8oG5VrtwGmVDaIYH3FvOmiIxyhSONMSPAOExgTlgBVjvkrw
41.,虞书欣丁禹兮意林少年版,剧集 137691,/l?e=48d1mjaD%2B7D5zKQlwKs5qp4XuxnoNoCEdwIoIBWQP4eQVRDEkyRrl%2FnXx88t2x4Z98TbEC48u8tCZhRSGaz9Src6oxMUcogyg91ZT2mtIF0aHmBakzJ0nvp6NUcJR4OmrjkOmZR8HtJhMNQDC5C%2Fx%2FAjR865kBAbx2ahmA%2FzvMJQeEYb52v5m6L2d3QflksFsKBwSzob1T291OkvfcP5uKR5SUeTw69LpzuCXiBGjFVapA%2FcgAT8mQZvgMHrsHvdc6s1vfBzY2pOgBqRIzAO%2FO5Sut4p4hdG5vjEypXIdvL2KA6M9RIqD9IEHVM6onZWZXZhTNudNFe3%2BJ8YL%2B8jK%2F2G8%2BVuEEQsd%2BU
42.,珠海户籍居民可一周去一次澳门,13.7万,/l?e=25d2tUACI5CNlG9%2B1qJnArS7G2oWcF7Vt2oUp2ESBS905XO0iVa5h%2B0hhGbD4sb00oN1m5fTjq6T6uriezLJq%2BrRHPtuv7JTlp2YzBcJkaR3me6U8FD9iBXY5LgwZ%2BDFn%2BP5T7Ou3FKcWY%2BLwdFQ8pBhWLb%2B652zRz%2BkNMjRz%2Byqtv9F3IinFRy9laa3k5Ok3UeHl2C3ls4oX1AlcGqMkkKkSdUGoHVIPX4VWk6R%2Fszz3C%2FUAM67RxsffzyPGm8GfRPfU0RpaYsqMhj8Q6OkO7F%2BPvUVZoco7ZvdTus8ssZdjfraRtkQSmNfHBi1ke1sPjX5m55W2Fi%2BC0IKVHl6USAOC3Ac3j0jiR2cxDBvQRZvzeCgKu2sXCav8DPeQtosMVOIKRFqhFWM%2BJ3twRvB7VZ%2B5F5C0Vc
43.,卢昱晓看预告片才知道不是自己声音,剧集 136927,/l?e=9e79Qnvbh6gah9lxx9WmJNihpp3dJmh6y2TeHwSD0X8I3QSe0bK3ddKNSGShJL7lv27HiLjox%2FwUjB4BrbCxh3ObB3YNlD0b%2BDPE7dkA4A0kCRopej5T178FPveCfWW35EoqWyOd5vffH7%2FOzWHW%2FZfi7c%2BW%2FWXqYHyDwKb7jeAT%2Bs5P8R%2FAmcelIqmetKmy8ZP6HdokVqBVhliw9VH%2BPmz9DO9me36jGw%2FrCdMKLruxyF8vhkMdCZJArz0ryqtemARwGBWIlqLc6m%2BsqlHxlUP4VqClfJbty1nivBfHx%2BTpg74CNsl%2F2A51TjjmEx8DKVyfGWCanr9p8XOETgp4guENq9Z21%2FvgS7MbhEJ%2FwwhvqesPshGWd2YvYI%2FBBS7iUKncknYSEOEwUZdto0scBvf4HS6yZjA6wX9%2F%2F9rdjJElLFHNPXxvDHkoQy3Cb1%2BFtH3M2hs
44.,王海质疑李行亮麦琳争议为剧本,13.4万,/l?e=84baNFSbYhjzybPUcdZto8ne4kt3vZBOG77T0JvhXjKeTvOL5meq%2BUg7Tj0IJT5ACU4HfoZJbWo%2BGTOqpPcn0cDQh7ouIj5KKJAZHw6qwIUOmCKy3PRhJa%2Bj5QQ%2FNG7lRTKhVoWx58td86gFUuEEGj6%2BTT0VXrT4gPWXBXnFHJtqP7Ga%2BsHyoY3OuUmrkw%2FXIIE%2BlLuFc2AYqssAnRe0rHa0R7ToEmtIpp3dbSeg3AKydb8VulZkTuQkyk4IlPONk7zIVRB6HBvdQoZ2cm1q2XKWlGps0%2BWdFhPTyLaUrQe4BYCeljYgQYpXMQAuNOYQrZuI0TPJMbD%2BWwWmB1iPKfcKgP37n%2FHnyorcJ9aMux3UWry8Hhq3MUUd%2FFOpX9YYf12mIKJSQwqGVakDaPcfrgFwkSpfX9M
45.,张杰第一次平头,音乐 127235,/l?e=e845nHms6JKEreg04dCdnOD6u5d0135T4%2F%2FtW7oEInjsACP4HSfgNtPk%2BqEbq%2BYGFccQaICfltx14JlhtA6ItPHHuhizyid9rEQMUSMkj68PnLt4jyVPfdixmXK0ncYGEYRf6rr8uJfi%2BvebXkmTYG%2FwSVaUW0gCm%2B8ASbqG1yBLgxIGVFzQaAH6y4nLJFTKmiE%2FHANzCY%2BkiatTFWuGTqBZMS4a1j1yHxe7Zn86asdYnKmD2wL0nwdxmGRWmmhzgE0An%2B0JA%2FaT80AvD%2FI
46.,侯明昊无处安放的手,12.7万,/l?e=5308ClNp1kfdN9pef%2BT%2BymXrXRK93PNxyKWWm7Ya3%2BPoTl1eWwdprqd0ts8RpkbYAqzTq94efcdXVy4VW2Hygr%2FTaUCDrodsdnBGvZ3JeOLsS2zZ4QCaTf9rKQReEVMlBoZmP6MC7ZuKc3fIx2mk7Oh%2FjuRPXhVwc1D2RQE%2FSBKsjae6Myyidv%2FS2j5DG817I5j%2FE75PW2yogbnVW0Lh4HyenLzTU1XYPJliNseBUW%2Bwwf7TjHA%2FRUjYFgSLWkVQjbarz4Moj8RuEX27KFojXTXoD4GFjLyb4MWKoMCxbSSVbhx7wZgoxRDgj58
47.,孩童被未拴绳狗咬21天主人未现身,12.7万,/l?e=2d60VSuHeAWJX8ip5RM565p5LrAVRNzlTLi8vFQfK67yPAw8vZksTiD4rCiq5qAIhEFOXbOyQGF8Coh4UfrLBX%2BjnOb5qoxJ7Hm7EbstkwxcQ9u5PyoVegdXoML6WVgGGhVqoO0YO117gKWL9X6jXo5u6Y1lTsWOSY%2FqXb6uoIsQyJnL0jhby8iFgokAOGzhuF8pcGnGJCBcdS3uAJi2sRIMiNe7zkMRYLxKdCUd5skJNDNPRAAAGOmklZe0OqiyXxmL2MLX4hGaDYHu9acNtdYFshnVKfZ7DyStA8rXWd9A3ALepsmb2HHBlmLod55hgmgeiY4xnO0t%2Fm3oAJICi3MiqI0bc1UuhdPMHhTwosjLCgnbhD1WTIlzvfQcRl2xzXJCTrJ4hT1t%2BMK4FlOwzZE79ydkUgSAaw
48.,陈少熙预言家,12.7万,/l?e=1cbfzuSVBLTITUSI4fkGXYhXQtEZ%2F4x1AhA%2F%2F6Sia62p6HchQ285ACLiF4m7vTSIXn4KdN0nXD1YDlEhHiRnE7LrBoS5H9TNC5OSxDi0ScyDJFoZlOAN0uc4gz6hDTx84xsmhMkq3i5IyZ7qUv5XP%2FaDLS0AGqTXAgQkIa4vVhHs0nkrDUboAlTWyuKUUYgzZjdawdakc36cEazFUbVsowsAUGr9c%2FQjHk%2BdQ9yHM5goPVJRXkxZL0pNqHP9TJM
49.,筷子用不好可能会成为伤胃刺客,12.4万,/l?e=b90fYFD%2FMXry9e9h0XzJ8oZEbjx%2BfXPX%2F4lg1CKhGw6Xwb0yph%2FvvyQ%2FIpnbQUdavMoNl%2FOpsSNgYTAK%2BqzM3%2Fxn5yDEwe3hn1n6Ml36aY7kkvJt%2BpbYhz%2FLp3iJTDx6yblHTSWa06BqlaeTtQ5FV65MedtsY5nklVFLAeuboXlY6HvYlyYqnoktqWn62HRHorl%2FVXCrhSJoitj%2BZVi8imxpDt5oCC%2B75SJTg%2BG0S71m6a9h8KokMz4C%2FZXqOgz7EELP9GHrzpo2g9xmcm5hH8ZuiKGFXL26xwV%2FusnTG1SZNlihC%2B4pi7N5eEsdFmYXpuC6sm2GCJSPipAdoqeXPl4s2zSRslaq7K9kGvnay4ZODwBS0Te2Kdg%2BvzvpWOwIKsrdkMXca%2B82CDM13yjWnT1lKHhqUa0
50.,冲锋衣成顶流是靠什么征服年轻人,12.2万,/l?e=fa41HIwfuqf%2F%2BSuGHCmsRL8jCfRoIGJDUrNRGzbduiCtE2Qadime%2BC5D%2BtPpvU%2BplAXBEF6lo4W9eJMYnFt6c5Hz8835LCbjZhzy7kbW93QF7e2chhCoKoZVt7w5boD699RANIIqWBeaZt8AAvoXxtzSW1yTyUeXMAzReWoAj2GPZv9FCeCh6MJCwAKoe2u8BsQ%2FMCZUJDRhutuQ9XeKm2GSDz0LfgtFmyiXs9dpWJ7EX%2B2nE2YXpaXe6D00nX529jaD11ytlceF0dR7E3yFvdf2uC4IqIEdpWjjkFPaywA59Cl%2FQEs3UrMoTYKDsSYTW9ZJ93%2BIaXL7DJFispW8zsFXx720p2q1p8B316%2BZ6ICiqa5X5cqADkLWQlN8gBPplRwsr9b1eS%2BpAz%2BV5SkjVbezWIIdEERjjuukcedvGjSA7soKOEM
51.,央财教授称股民套牢是好事,12.0万,/l?e=15e6lMIawFPXAS1I%2F3KUV4riPCAyuvFp0g10dDI56x06TJH59m61HCEmFudF9iNJKltd6CbtlHQWZVkeXdyDI1Jw9NA2aVlo38KikU8zdNS7X2sTiPx2jiTud1JpY%2BXtWxRUNowYAoYmDBVOhhhSV9rhzSkEfa8ZIkSXYR3cdgYcootcTAkY6BOy5GIWCn71%2Bf9N3X8Mno5Dye2AidwOrA%2FjiaLLFWqtmHKFf5SSopJkJxsftAB%2F%2B2XwAGn1OEM41HKMZ4XUJ3ecdhUUXyezqbbZVKpci6d%2FTEcLHq15g9XE6RsaLfllQ73erwLIVWDXTZlSFvLf4XhT3%2BZ9mqlpbnjSsQ2FIfvwS3b77vYLDfsMBB6ul9Pfy9U
52.,侵华日军日记描述南京尸体如山,11.5万,/l?e=d6abRMjBFsENa9k2rYWtkVAaPHjSJt4OmuXMaCYDv%2BSxtiJinKMmurij0CXZNLc277izT1vT8VadlvA5%2FovAJA8XVYLZbSLFbcXgjZMHQqr3Tz1rPM%2FaNtG4XcB2FZG4ALLwMIF1%2BUxWoKhTB7QiqKtyuajAi0HFqt3mdzV%2FlUA0N%2Fxl9TDMwmSLgxpJ5mRsqxxju7QZFgRAAuFgPrXcXxR2foHbt0CuVHVQMkaqIX55jOSXAWC1Eow8187JdzQIf2FyOCXucXHes1jIKxB%2BFgk%2B2sDxHxyCtCtvxTVRJa6vtqpV4Vk%2BUsfuT0Td4KiZLaRQAw6CtcqAK2cKcUsz%2F6mBCicEPzlMGgFFi4cvrWy1IIOfPbcRdA9%2BGQMwcEUP9oahjTlDfMMSiRwL8G0z9L1PAalnEMc
53.,羽绒行业人士谈生产内幕,11.3万,/l?e=1a68KkcI7O6w%2BeYwB6eDs6MZXrD5kAiFK0oMTis4QFhKDg3FYDjspsN3A3coN6Gqkz4Xgcm9vFjAExpHezZ9Sz6Vcz808NEw3duCPCnzguNYs%2F8xObJuBJ61%2FObDrhZiUhM%2BedkDn%2FnNxkwXSZXiCjqbalDLfGXNiltnnbN8e3ixX8TXoPXHOpL1SG1fMiyTJ123ze7RB0y8KMOsIaOlvVmtIarQ989mQnf0nkGZXqrxJdNXeYxxWWSEjr4wpDFetAtQY1Iang%2BKgcTYzdBOh47rT7HMuDkDVJyDIOR%2FRN9tT65%2F1UmKdvWX74jF9pctkzFZ8H1VnwyhFHip7bZxsG0yKjff0I89rOg
2024-11-29,欢迎进入中女造饼时代,20.2万,/l?e=c66bSvS51x96T2O3dCSGTueNRa7EYAuqOOBMpOFSdQxfbL7Af%2B2WDMhEnDfJcywLU5e0JXZUW64VXXqZ%2BYl8XWPYkSe1wIEzM7FZxlZthUsuTeiN88E89sWOJN1oUw5jBYEIISl2zzgxoMvoZd5r02iOXBWREWAeFenAymWrScfUfwqUdUZWTh5r9ZMLcZZFc768IFFQt5NS5wIsS7tBgrV1Old6N6bTm25l2P6twJOV5X80KQFPNUgOuLvhf9DZrPg4h2WhunkzY6vGG9o3Hqa8daD89gg5T7AQP4Pe7nCYyRpA1B42cpw5MmJ9QsLw%2Bpa2m%2BAtYSOufK4
2024-11-29,中国游客在马尔代夫潜水遭鲨鱼咬头,14.9万,/l?e=65e6iKRqKLbEQ8YjwkCU8TPmsAuW8MrhohH9eVLhzAFV2%2Fl33whRlT1S4tM%2F355iymTrPZ9BXgreuaYXZqjY8ex7ILMCF%2BJjGTrgFC9VkoN4KYZZm%2BYPqP4uKof05zHOWQuvh2220BOttMU0z4a9b44asNFiyNT7%2BzAa1oVpO0HXf%2BLc1QmvhTIz6FkQDPWLUUqex8EuLoXS1mPR00uxlz%2FEgjvZ%2FnhlpLtZRoph3WYoH4u746Dmts8PlWhTN3LlvvVEnzb%2B5pq2CWS9%2BLTu3zaZufnEUwdnDl6PsTgtK%2B3VzKwvd0rD45Q5qGAvGeC8QHqsrZZHTRGzY2oELKXqvkkAGZggKBDFPW6H436ow6Py%2FAwQrjD1BH%2F3p4Z4%2BCTmvvXvPe%2B8lyhB3%2FnGU0Ot7mFlMRRU5O73XiGh8XSuz61NFVVEjJZv7M41ToYeW2Qo%2BEokzsQ
2024-11-29,侵华日军日记描述南京尸体如山,11.5万,/l?e=a97fxHCrJuvSu3EETschaFSlHQx6fy9ZqS%2BEa3BmWoKbH4MyHQSApGt4sFJje2EsCE1DYiGoL86VztVs6Mqtji%2FecK%2FUihrSY0Up2dUgFaowfGfKt1msQtlY1%2Fji0XB7QO%2FHTAVoUaOSnoNPR08F2YLQE7rPDfGpcZ9SsfyCqBjmWeSRcBqzB6GBIXwCezXByBGXAbrS4Pvs4383DVx8F1exR0kpgaT%2B6k6GS8C1Gq%2Bw0eOIrdSQtSAsA27CxIPPowM47Oj1fAEp1AOyW7NDNYlxxJAzs%2FIUJpzHBNUdXY8FCGcqbP7ihxjj6z5ZUEHU%2BOlB15RfY%2FpOrVntXPQcupVrSwJsvhwoEzTC2YQ8mUiHEbSMRenHDrTNraibg9AGO9xcexg6lY%2BmxvP3huxQAQXny6%2BUlVQ
2024-11-29,古巨基钻石败犬live首秀,演出 203455,/l?e=f9adGrZgFYuHmuiH0Qbww79jKn9EBCE2djv3%2F9Ne%2FD0goUltW%2FCuhh2ZW%2B0i%2BZRkZrpkdVoLeKydu77Mbdr1SzdToTXQISa8d6jMwV31p5Yac21zAGxX1hFElFBHK2%2B2TZwFNQkb8wscWqRZ7m2aM2Sz%2BdKcNs8mqP2%2Fw6%2FShqFPN1LE%2BhzEnVL9vixj6komRmkdlcGAxxdfl94iB42uAxKirFqHNdqHYmOFXlmyWyU%2FPL4VEryQnhJF7X8sAGQ7ArQsGwra%2B0g8WPxqNwd1ntP%2FiQhcxbQJxAdexO3k9o%2BAnziiAJOVTjmvGlF6TYg5
2024-11-29,巴黎世家售出8天后要顾客补1147元,20.9万,/l?e=ff15lbN6ceWvV%2Fqpqx%2BmyJeSduub1ilrKm2dy6gAjgkRLRQgLXeHHU9V0yq796kfVaB%2FBJr5fsc4FCmM0es8XB%2BG04JX4V3QIUEVd69XEOvH80o8Gcrr1AVnSIBQpwES3CA6uZwIcz4lcDIIFcIabeAy7aFqF3Jx5MzNmG6SsUWDiYnnQB1kp0RFn6N8Z7O3vV%2ByvYDJ1cWcdK3OeiJqUqK%2BhnqLk70VG0Fvkni6YCbocKIWfrilaHX7mg%2BIIMfzaqYjrlSNWpM%2BYA1PA34X2oCVW5FJeWe8Ef3PqBnVAjFLgVQUw%2BS%2Fov0CyfQ0l0rj8vGwCtE7hjOV8FwzNSyVn76rb0bqRNPT4n%2FRiHQGrx0WCdJwpK9MnWMzyE3a2fWFzrPYEF5tSt3ix%2FGE9Q
2024-11-29,虞书欣丁禹兮意林少年版,剧集 137691,/l?e=05bfjY0patxZ2j1ZvI6J%2Fh%2BfOjRJ5Uy0%2FfHY4FbVDkoX9DUFwutAsOXJl5WS4qzEpSADUcT57kaFNIuZ7jWCU95sOzmJ4FrgTgwhLTTA%2BbjPRmFgIxhM8ItLcdhbbQkgpbKfw4Bd1w2ku5BcXLA95QDoI8rEJCH%2FueCXIA7GhT%2Bop9ZlvhMFlRSB6qpc9gfT5FicqL%2FGd2CUs1x%2B6obGHBSO3J4GOFWKwlJMtk5b20ddI%2FFBPVmZpBc4LsFQdFQ5go0PGZJd1kr%2Bg%2FRKLxzQMgZHsV7XHvokrTpmxXTSwsEQZ8pmBr5RUtEsUu3LunJeem1ZjrbIhbMsHSYcLkJk6ClArasfNqX9ALQ
2024-11-29,TES官宣Meiko离队,19.9万,/l?e=9c426sMMzahiqm%2Bt5U7PCwgDvIpUE7SAs84TOGnM3%2FVQzUEp1HQRbS4%2F08SKq0VyAZaOKIxDk6%2FcY7LXoblEBsrJxmiTS02nl%2Br3KcIzj%2BLz0eURH0eoPBhUzk5lIIVdxhky8Sp%2BudFi9CW5Z01U3UcAr6mensIXVwuV6TBSJBJmi9apB9zyMgRzZH6Tg9Uat0L4nRDCO5lOTKcBb2DkS3NkPqXCuQbxXQ
2024-11-29,唐嫣灰紫发色,18.4万,/l?e=3b5d4RRYXSFQeRmwRs2jBz4gVaTW7wK6KUG9WkwwDZtQjLd5PwFTpL7XNP9TdSm17SMLueqvmYwgoTPHgmKkKJGYAW%2BbJdzO7LAUmfb0iogRf10O1xgMS480z%2F8mrVRLNclrD0VT%2FDYDNuTYElKbjt2aoWojbr9FjZXc7Idfw9gGSYc48b2h5HDAm1PvoJrNC48hLFdBkg2e0Y%2Fwa7itbK7Pu67Gg0%2Fj7RJw3sudoWnnjf1DLtqv3ww4R1I29rk
2024-11-29,韩国人的精致穷,32.2万,/l?e=03444HNrmUm0GUPdAKMMBFTIVwe8oi7hzYartZKT2TPIjby10T%2FMaKB5WdalI9Hbsjq9p%2FA%2Fth3e05s%2BFrnaIltZ47fyL6UPr6KV%2FdlSkzWfxIpTaOZJ%2FC5YJP9FswVh4f5499q59HcZ%2B1axICNMQal4OLRloA04RXV%2FdQci%2Br0bVR3jp49e28Y9YT47Ij3poHO7UJNsTXCm2ew%2BzkC2aJrpDqK5yOFARlHqBtugVJTayHpDJJgcXEHjNTXszN7bzAGeYGLKMCkqib%2BwCMc
2024-11-29,林一长沙活动取消,31.0万,/l?e=bb25c6QA549f2BPfdrPNYj4EM8VY1hJN3QsBl16WPgiG4N%2B1UoXTpbz4lH6bL3aAgjhAP8fRzh8P51%2BD9f%2BiH74sZGizegmb37gZVlW3s1uE7EW5EC%2BZM60NwhbE6RKMuaYv8QY0ygVxkh8O6LUesyR7MICSGFOUdffwzHQ%2FvQLtXvJa9X1oFo6ueOa7RtbhxdYUKLDP89AicE4D4395ddiKsvkSl6pMQEYTBx3tjoyy2wkq6O%2B2q9gguBVl%2FWWbxdgQIOWlVuLwHSqDqqbMFz7qDVDWdvi0pLn%2BCcI
2024-11-29,年轻人买的水果半数是情感商品,18.6万,/l?e=543a%2BqeqDhTR3MJQ8Y4tdkcVU8DkMjYQ5U07NAyenFAGB9SPf%2BmKvkuUM9wKnSjVHJAzMlCtR%2Flq1hkaaYx8RMIhajo1vbswOjrcBK%2FCVeFh524WsB4M%2B2xdY67JWEurvnJIhOgVHQqwhdgORJp5x2Eydgqi7AYr6sa9%2FpSH3S5GUvGsS964QDEossfaUcbkxLY4RxhdvoJxc8im%2F0KF%2Fp%2B6zGhQ8PrNonF6IkT1b9Ans2BWZbK10BXf2BuKweTLAvkDLUKyG3LVRJ19BRonpYJLY5yd6JAoh4OGxT%2B3he%2Fq%2BQG2HlVBYCQtbNM7okqoQNtw9um%2FGBUkoH6i%2FjbhrbZHRmi1Kt9uXr7ZtS8Ky9L8qBL3UG2NMnzr1lTCYFqYWruwfB%2B7wn2qhsKy%2B8vrGl23FBDJBzE
2024-11-29,林一霸王茶姬活动,15.9万,/l?e=b27buzkUrUx%2BaD%2FgSeoM3RZa9zSbZAzGmZFqiRVf6ICvQkdi87AACXkcF5GKbDBj1uWtJB7J4cRaEj7Hz7WD72c6NyW8GfHhLMiQyLR7qr1DCHVwQz1NcmwlZr3RD46S0CcyQ%2BNM0DIGB%2BOC%2B53l5V9CCSnZDfyYwOdDpsE5JKzTc6Pj2oKsgLd8NzkOkvEK2R6FGJR8ccu%2BFJ6nkFl8N%2FnhF2F%2FKq6qNa4pEoMHsvhkNuWhum8YZnCdi1NeW45a%2FJtH%2BB6aYEEZpFg3QKGqsB9ckC4ALj52Lhq8%2BZQ
2024-11-29,侯明昊无处安放的手,12.7万,/l?e=8b4eV%2B7RT2LzykLFBiqJ63qNY7YF0d6Nc51P32Jiv4hqUD0XCyj%2Fea5p9FEtuLPyR5Zad0DsKK1JAvBI1g1ftSA6yiEEFffoSgqyhLH%2BV2HhhkTRRvXvLmiL1Lz8rSzZqbIa4gi6UuL6ODvdIzo6OscT3cM7cyurJ6%2FACl3DP0a5%2BHcyfi9enOUUjgVfZaJUgF8qdWIk5aTSywVlz%2Fi2CwAQzDnsWZyav7kmRD5PbPyaVuzCCDDwlWyQtJoZpv2PpbByK20MJqkyh8qgRxQgGHjfDqX7YnKzaak3vqBLsxkF2DKDytCcTYmjNFk
2024-11-29,上海体博会真的太好逛了,12.5万,/l?e=5b5bTTft7PoZ41OS6igAQo7GCG%2B%2FlAtaeQcbq08k33IMwl%2FO%2BVA%2BQV4XC9RmVR5n4NSx7kRiorwTnkHxpCmi%2FWFNoG1UBtsJWdyc7sWFh1hTJDcIWvdWx3UFwp7Y7uXrPjEjd4%2FgwDGRDAkn0nLFYnThf6wHIbyXw8Y88nK4ii%2BB5xV4z0Vch2YOGtqp9JwqgKhpiqlJ9piLswPEgJz6zZuV0fm4SQJgfqF9pdgaLXVXipxTP2sgu%2B8o6QYsYocqU5EpEF5v0R0DpRgA7KmWAk3rbpIVzX7nfSGWQibZP5vCjV681YQaFByGetvUxGW708hjC5H436UT1rzFz%2Bh9wlYBTMta95jtrBA
2024-11-29,容祖儿心淡全场大合唱,综艺 134258,/l?e=81becN5yx81EQwkb19VeV%2FIUI44XRjCBm4HYMiUuu80dQZhP5JFKmrsJfYvqFe%2FGQcNwNZDaeIiJplA2%2Fb0qFTgrY04q56K2nTyMaxHenkT38V9RFPboFU61AhXUXS20WGJK90N1D1O4SzS5iUXP5%2BgjtEx6cKxeL7fT1OdN6N10bQRcMfSWUBfQ8OPeNLUwa01%2FXAfRbaz3u2phFI7u%2FObdftX%2BtHAICnYAJ9xbcuBzJSYQ%2Bf4Hvycdlyzf25hmUSrH84HonavKUYw%2FA08Z2mjRpAmg2e26xOIdbxoXHrxH8KUpoKw%2BsDDYBFuLFKb0jKNZ7yhAurIkLNU
2024-11-29,王源头像P了个新帽子,32.1万,/l?e=0999nSdgjZ%2FRJ8MTlbH2r4GIt%2F8lLuujPdYWeZk%2BvTTQQXtryvANaaZ%2BUtuCQeu1zSnGJxbdAOnDCphxY5LYZsxaQz1IOFEpSe4neh0u7Csrse8ow1hcghHpgS1M2X%2FNi4pbt2DvciSWWh0v9MXNqtFvb0UNhGbKn%2BnEOxRdEGhaCM5HkXYIQSK%2FSOT45vvAqOxhfywkSUjuk9h6%2BdSAjsPdhFc3aFMk4MayK9NbqQh0NB%2F9PVWPJdWnD%2BoFd9%2BpshYk%2F0%2BmAlF%2FFGf%2BnGphY43rukRq9BozbQXIOnhJYsJSObqtZXkbwMDwBwsT
2024-11-29,再见爱人4第七期视频没了,综艺 339178,/l?e=42a47Z2vhWrwR49MkQyoVMp2lxp4oqfS0vr55fNrMDpdKO893zWeRde2w%2FOFXtcgkghgCyTXR8GyUjt1%2FREoLeAL7gtOSH%2FcQoIelHiz2UBmV8K%2Bcs%2FP%2FwodBVRhUKcvhYi9%2BeGATpdkwuroOa%2BSLiurXCdOTitjXnBCGpNibdZ6CurqtFuMytS1T%2FW8QVjQ%2BqK2OFhi3Y265E9XRFHkfUD7tNxN7RClt8OCCDjlMhZR%2B1V9pTNTeokMvYWhIbhVPWtTWFXl%2B%2B0srGxBq4KVoSJ8DT%2B7BxxsbShWTiiPHukXc5nxD8NbsolYBDzVQHcLu75UasURsPia0N7zMSfBT%2BFQzAlVmx1ziTme
2024-11-29,优衣库创始人言论争议,19.0万,/l?e=491ehG9N1gXFGx0MpgICnfMEhjyvQozGYO%2FvME5xLr3UvMmPAfgzzGrCPlu%2FFpvVfBnAaY15T0IAcAibVd6EK%2FZTz9406ZKyoVDe2ziuPZwl1CDmmM4uGYCrq%2FWSXJxecYAX%2FDJKzws289w6oVl63o6%2FM8Je7TM1HGPdOneij7TlHOERkIg2uAWPv9hq37iJb8GTURo8IEBC3Ff%2BACrt85ce5agcAm7Gb74Ubibs%2BBRjFca42pZGw%2Bae2K4vb3ooQR2J%2F5AF2ZvdU306GmFy7Zg7XNNd%2BzlHjf%2BscY5Y7zgMA7aA0eNfW1CMS%2Bu5l8yJ2t0Gwa%2B76YmLiTs
2024-11-29,丁禹兮看人深情是因为六百度近视,综艺 197584,/l?e=7c54EhGroufovoe2jE4YwND71Zn1cbsJUhv4NSGAsFCa%2Fj6X0LY3mKxcgpmr0RM4Q%2B6rdoNE6GgQ%2FBXof402k93m8SDP9IKKNvidRJs8uptvMGe%2BzMWu1BMUBERIEm6VTPCM7N8GTNGHyRIxfanDTd4Ao1eqN2XvSynnI62X3cIRW3Gp6D3XJ8T0aHgMgmA6pwIIDDocIVAu7h6wgqHZM2zhjzdhuT58Q1t1h4WxdoVhp3A0zWFuOYTTNMWMD4FyW0FsWIPfcNgq0lxgww9DOyEyszyHceC7oZWMgOnNM0RRM6nhovfedimwFvHMM7H0pNU7HWoJZNCeaJrj8mo8LlKsn4KCJ%2Bn8CUwy20DUJ6SNczhQfS7VlfY2k4kouwl01BLT130MmRyV5E6Xguf5V%2BpDLo47rLeoMVUiEy%2FD6aWU9H74teY
2024-11-29,奥斯卡宁荣荣 新还珠格格,剧集 126779,/l?e=018bUuluGNnqvf1Z0zLJBBjKgOAAuJ%2F310JgUkOEy5gTSure9EgXhwCE%2BfV%2F9cdwM0J1LJULMn2nPgnWKuroLBrbkV9yx3V5wPpS4tU0nuzeD55fEMbZtH%2Bjy43JO8Z7TO2mr%2Ffjt%2BZuBDvQqGiPUpTBH09BNh8iCGKLzIKkdV3uqfKwB6PA0%2F5ozdwirpthWQscZqvrFmw%2Fqg8Had1MvJWuebOuMXzdpaX%2FFdMmXJ6hb2tsgypw5P3csLZtfxgZppeMOXMB5Vifme1ajfWdQRcAwC1IJUdhyJB4zidBwkkTE7%2BQAXyjAAga%2BjwcqMOizsm2Y1d%2BIPMnKfue4b4WOXjBogZOWf7VD0vR7uI
2024-11-29,丁禹兮 包治百病,15.1万,/l?e=064eVH4pdEMV4nsiLiyynyrZrw7Bc8sHpisvuTMz31L%2BmhBYwJY4HY8nxkAE0ucdYUNVvteVpkzea50fMO1LiWhA0ibsBJxSapzTZZGszgG543WsD6SVIh6gDo7kFGSZ8VzR%2BU2Gnz%2BKqJrLbTvaYshJo0FLMyeq1Ov2A4jSQzhjoSp0fmmlmisi%2B0wONIVI5817wQ%2Bg2k5rWKFIQuRptuX2%2Ff%2BDhhW5FOhk%2FjFQt33rBR7jwv91Xf%2ByUVFCl20nIMlk2DhdQ6jRBV9TL0uBMNk
2024-11-29,孩童被未拴绳狗咬21天主人未现身,12.7万,/l?e=d7f9LfrzymhBWYfdkjy%2BdwW07t1SMDHJVB%2FWamSQ%2FiqkM1hX27lXhGMLMJBmEJg5ztZ%2B4baElbJCp%2FS%2F94HNvzRew2SmvaUEEJ04d3iHvxQRLNz1OkUXO8foc492tR%2FekVwl0fLeHL4fBhtksLGFXNoSX63MsXcTLGL%2BYUBKCxEwHtujHCzvZf68%2BVzktWBjGAScSRzOu5MGj5TpAKDf78h%2FOMlAp2rVSKE5BYqTUNfos00YGF3BHthJ4NqI0v56X9LI34%2BIhw66hgyshydX1ZSCPYBrvEHT8tiuecVIRDWlQfXrb7u1w7YdD4DgL4V9Ox2DxtM2WS9OzbcqQF1Byq3iruuFV1ZCsy2Fhnvok1dKxwNTnlJnaRGQRmNvnUtnDzail%2FBtwequ2Sl1SBO2NP0s4b9pd7C%2BWg
2024-11-29,MRC对战GW,13.3万,/l?e=2960i%2FWpvfYBMsa%2FQ8m75YKg36AaSWiKgJ3Rr%2BqfApcpmGN5oXG0qbf63%2FA%2BsoFR7JEAe92rwUHCjxjR1oxsSI7%2BGFrsTNdNqxdZaP5CXUpPvzypYCjcj1%2FY2rNT7J7%2BZfnP5Hdra8fgHBbU3o7bOGrLJGY2%2Fi%2BGZypez4sCiiKXzvLh98iJuA
2024-11-29,有毛利兰陪伴的夏天和秋天,18.0万,/l?e=bf89tbK1vf5uh7%2BoSOJSzl%2FintC0n0mdZCu3ppOz0Oegq22sdsudXZf3UKREJwErBSh3DnqyneDJyo9n0LITWQDvIHvHf0kJoUDuA2%2BWEZKwGY7BotoX02qyYyeLhzdQUAAp%2BDb2QfjlsrkepKb3w8eS6IUgGYk7AXpysFaxwvrLYnTlXIDcx6qPFxHjEPkhLW7qCFkVcZsebkM%2FZBWqXEkhtSEl6NUPrRrj5CbNZD8sL980y17lL1qi54oCuZ4PiCNjjz8k6qlytGw%2FQz4mI6fkdi9MpXBYW61vEJYdnwoPk0Q3nQ2L%2FgXovcXTXVpQByiTjWcickw3enFDlioghehWjyw7FLpVoAaEYFyxBL1VwASH%2BeRW%2BVI
2024-11-29,南宁一家长称15岁女儿孕期被砍伤,14.4万,/l?e=a676TTDPf43iUFY1q1Qq1aGsLEQLYMrUjHwpPLZUrFO8zdrIypiRcoK3OCsDf736MS%2FuAVdExnh7uEao9AEvXFAm8%2BopLF8VwEA3qyn%2BU62Y8wi7lzf5FUPXTuJ3BALRV761jmfsKigzLp76kUdytrLB58%2FZV87VzS0cUtY%2BW91ZfhGYGVKQSnMyINC3SEE5XW8s7shFE6TfSL6LOIXOR8PFg03lMbnJzq72lqjRUhWRoH%2BQ2F7FLvsc1vD5GYoa3QAXJ5kBaTidgOXcScS4FPJ9ecXGLpJ92K6PkKUaW1iVf2Z2U8akb%2FZB8Xi5kKJli9SkWCmNSsVjYQq6FzzjqUgeBCZnl1%2Ff2iAwMRWnfI%2FQuE0z2ntyx4HhWGzZrwReC66oi%2FlZWAS1XZYdpLSFiUuiCnJsQBgnIQ
2024-11-29,杨子黄圣依 人设,综艺 151552,/l?e=4b6epSxpASfdFcw2s6WTJk1JYzHU%2Bc3BffokQAHtsRYEW8%2BsEgxUFTKhxKViZ9TcLM%2Fgkqsgq59Yg993VIieb%2Bcgo7qp1x6n6hnPAPDmz88A2L%2FP%2FFoE%2FNiEJ5O4cdbeWrrNicn0%2FChVxf%2F1MzW1Tc1GOg9bj%2FmOnGs7vwQW6tD44f9mBPoAtMFLaF7FmXByV2kr1eAXCW4co%2FOtKvOvM3oAkH7YzPimwhpn9GWbik7%2BbEwgCUtmROaKbDoyjHKaviCE2vsty7u3%2FT4duVNM79k
2024-11-29,张予曦 初生天使,剧集 127019,/l?e=1185eyNCDUgdNyxzSG2wudLVdTckJjtPUzcf70B2jj4SAq26A12Qvu%2Fv5jdIaLyNkAXvTAZ9GGA5aT4IC6e03dTwCV2v4O5okuUdIB0SEGf2GgcxKqcwYtnZ0XLe4ddPd%2FlcCS44HQ126vBaCuufcUVZk6iU1wsSqlr9vPPcwB22z7fDJZFme4cZNGMnHGTGWajNlYcO0ht5lmlaDiV3Hi4bcH3U%2FhyBX38XSgc8j2k%2FKpw9%2B66t7cYFl8lma%2BeiKctkHuYSAKcdKl58n6m1WaQ
2024-11-29,3人1分钟抢劫金店价值千万财物,15.1万,/l?e=43040VEylGIIjwhX1A5rXf%2Bo0c88URyjz9e5iAZ69ZckW%2F1HH8Wic%2FFAB8Rdc8LwgBLXro29FEQwMVSea1PvOGj2t%2FOfqRdNkBGERgfeP3XvpU6ky5gaXagwIuYAyDB9BoXQ10NdBEJXIvstlVJhd5UIacmfNhahBOUa17Kxt5gOG29wukHHLtgLW2baZH9%2BeTEsxQumDNq%2FUeFEeBuJPrNocrdNwZMQFUBPQouxWSc2XAOJ8k0cOk7XlrkXUWKfMlQs2NuLgQ9wGNdy%2FWP%2BdrAGMsE7NYRptUg1NElEguBBySXrMqJ1DZSUxuqdFvtdpDT5CG2tJbuByxtlbMx1gWF%2FG%2B1UjiCCvP%2Bd9tGxlXo3CkZla8M386DHQXB%2FFxONZxBFU9L4hhDasg
2024-11-29,派出所回应山东一金店被抢,33.8万,/l?e=570cc8WdZgArI%2F6h8jPtjoTkW1ym%2BhtDCgoNPRFHFo7Te18NcMjdELHUDlvbMALqrCUDZcjERd6OPE5Ajco3wp1%2FldI4X7H1yHejjkXLgYdWQ2oWQ%2F66MDcA4Rp7odHhYNokBj5et4NymTzNdrOsEYmDwC3UDJ7Ks6U395USHlI%2BkNlWb65S64iiAbQFQFgn%2B9jF5rPVuN9CmkBXBxC2IhIrvceqnX1Ayi1zC8cASItWOy0KlEz7aN8EmPXY5GuKbBJyU52gECcKfAF1yClH7%2BIVn5PSJ7P%2FXgxoheTABj5mQIPoIw6rgSMkyEvRwaXqLMTOUGbrZBLRNtpXDOVvgAUWBeOMef%2FOJC8%2BkLZjzk4ll7RDX65feiM
2024-11-29,珠海户籍居民可一周去一次澳门,13.7万,/l?e=bc287Vn5jZuiQR32AXDVLBzVxmBtQt3bTDznF%2FzXW4DshYl46ojW7YBGww00l2bvH0cHu%2BcS68tjbWh7tBYYBsXWVxmVbdDXyZ%2BEQzNCOu7hc3t8NlCATukvwWCvf3cS0RwBt%2BwAaKgvs%2FICwbHEDnZk2CBewRb15Tygvf4nHhh1fn1rbYdaCdG66IeyYvPLi2ojZZoNeTm4eKB37oCcoU5CZFq9X1HKqUqtX%2F0IUe1LNZ%2FxwqmLgtPH%2BCB2nPsnewKko%2F2c8%2FRzgnKBJIG9o0VEn44Gb1C8Dlvv8%2B2OlnrnsL9VX%2BK3iL%2FKpwFkCORM0EtXnlQC4oK9VaSw8nF4sckix%2BwXIGYQVfqpnU8D%2B62trL5lxTPSVflY2567LLntwRdouo8qtOg4WPFr91OdwrLdtPilyw8
2024-11-29,蓝天救援队辟谣外卖小哥海上送外卖,,/l?e=7b4bQkNeH6ZPRD8Q%2FXaYdTD6R9AR63D6ZnArVvfu0JYLjEgnb5%2BfY04HBWMaaINmK2WdK50PylZaGMBVnpbTgJOaMwX94pKr3gSsdtHGWAymU121ihsfz%2BkTfjAi4xSv7HGZuaK12BYPRosyp2Cq%2F7GoKEIAaDPn%2FNaOMLnwT3uwyNusw1xSvBE%2B9FOaXnP8bj%2BdlLRxqH%2BxRWPJvCY3pUZzg3fOcWEpwTO74heXYiI8m%2BOBGCYtQHXzkbv04rItv4t8bStvoePiDLPwBRQZSEtr3hyou%2BG0GClNo252gq1JOy2e4ijTvv5fN9oZJREkQnbDhNHm1TehrvVBpVECZi155BcGEwHTvqUy%2Fdgm%2BWbPMvtBWjEyZLqigOd%2BR3YAUMS4u7udzJd9hndQnkIYyn1gTwGMCUvMBx02fUkvz3gkxaUNqzYv84h29JQmOFRC6dHxBHU
2024-11-29,卫兰她整晚在写信,综艺 136195,/l?e=8814FpVQst5A9nNRARYh%2BvHmy%2B2TFMMI555wQlhYzyki%2FkuTCWaZb783Hurb2noqCnFNpeOYcw0CrAC9cuCuM1b9xbxek0JpJKpNm8%2BmKcHeb6iP9L9UwADVf0WqiIi2lJG91e3EcD8O2XkusLW3Slu3W7p3EyxIJffHUpJ5rjvEmonKHbHC3ED%2Brmgqa1mhwhVuMnflq46s4zcgLhuqD0Y6UyNxaG6%2FEfJ%2BVaxGZmtrJqmbyp2WJvKIwEK%2BJArw%2BEgkZ8xPkP5SgkR3EwTbUqD2rbzVpiAXVlpCNqc
2024-11-29,鹿晗好拽,35.2万,/l?e=c8084y0ipxEVMBpCeI%2BY3koEDZvAGExQvJTall5L45EXu5vrhjKT2JWx4FqtCNpZsCBXsqh9HWbUOFToGBz3rwAqvWtDp1Q%2FVAtQbFaOOpiUd%2FiaWzctKOR3zHI6kS7OfmTE8ksVSs2Q8S9gQZP0OzAbpeddrN0SMN1dq6FVEMsu%2FWmr7gRAv8eY6%2B2%2Fbp0RoFDCSeDjZLt2sGyU6Adre64
2024-11-29,108是法考生的幸运数,17.3万,/l?e=3ca3zdG%2FmvKsDckI0zaJFIK9cJgESlhK7RbsqeXL0yy9fQzwmeDDmxtBvF9BxraE98TqsB%2Fbe4MqCJkRzow118ZzG8W8u0Fdf5myW%2Fn8ObGhdWe4%2B1yURhqLCDcNFoZ5cLCRGYCyLVwCkaPBN8Lt1wzNY3%2BHONXBCwGgoKF4lbOihh54WEjLNyLbwd%2B25vdeLrZZgIhKMdyuFwCyO8%2FvoFB7obS6%2BbF2W7n599tnfKFbh4ld30z3Zg4KwzxIs8DWAklFuBapzfWwxPfubMplubIy8qD39ZbWrBMy9tSrq54
2024-11-29,NewJeans解约发布会后首现身,16.5万,/l?e=d841iioHkOxzVFzGhTGvE%2B%2BHdT0cBz0ziTXZuaO9pi5FVx%2F49y%2BH7q8hUGAHbVrwiitg0jw995kh4rmJFdV7u1CYo%2BQs507ZSCoGQxb3G9Q2xJVR67t0xSU3O9Cq%2FuqHZjwhufi3aQsLgE8YUCk3CVqXM9FjjNZNMEX1RcdiGqGc1GMDz8J1%2FPaoea%2BfTYYUFn%2BNv8oZ7N8lj6UHV3Dxr6sxDcn2m1RJHYkzO1xArtICa1vk%2BB2CVk%2F7IZIx2m3sTf0ygv1IsJ09zLj%2F9pOl21SI%2BX0%2BhTx0yaZKBL5xLsTK32HRrjtSLPbsJwMmnLd3Ro0PJQ
2024-11-29,唐嫣COSMO文艺女主大片,16.5万,/l?e=b495uwVASFYyR8kW9GOzdvpt6eUvJHfVfG5u2SxyK6biL%2FsXJhR31vcKWZIU7roKnl8lfReGRBwwQekOAqBWw7sEI%2BEt%2BMPRFANBcB1%2BjQjGqTVTgqbh4rvwXSwqOYHAS6K4AWJOnhXtPHhTIvdIzQmTme%2FUDkaMnMzBfuTxClFAXw9L7e562jkd7kBuQDNWnKTRzD7tuJoai6g51eSuX6b0%2F2wV8Ou%2Fqlt7piOuVuc6rCoXCINqR4csxYeKWCgb2g7Wgf5Ptg7DgCj18qsNhlPFwW8HnTOYUdJOfOOfWJGfxw
2024-11-29,何洁时隔十年再唱rap,综艺 181138,/l?e=7fb2MI0%2FZVRXDWk4w%2Boni9HV9O4pgfwMi1OvVqmx31T8bugyK6wpvUr2ed8uYBnBPYmDmcuk%2Bp7fLMO9kv0m3R5BZqdD0TXO3WqJxgwyqP5nNJPwDfR3ZH3Bgx3d22p5xFgsnzsoHO%2FL97YGng%2FKRUwHdv7oceMoyo1zK%2F0hZVrk4If6sOiDUuNUrXCoaJQxO90vE%2Bf06mbGdG%2FXpPe4O8n9JQkeOEipGXswgwn7MiWCkD8uxaydgzoxmc6aYnOxDT%2FQqi7w7tMOIuMVNdAW0YXI%2FLn9lfwWEqgKtNsEFVw
2024-11-29,古巨基cue宋亚轩,19.6万,/l?e=0d11f1HgMKBsbeqNUSAwNBZ3F4pMIsiGDKEy6J3d3LOT%2FCLmwYhXGSHHUIm1vwxUFRAro%2FDzL2cewLZjx8SlVxlZoNJhzyEvHE3rVp67o2RpfY3ZS3fzpD%2FtiJ5I7vLbeGJMomVrLXqDAVpsd7YEsf1z1cUcNEDC%2BVGVp4dcAH3AfsmZ%2BiSoJwtd9NONbqmdqKHOfgc4PDxjvGzXg3BTcnysZyxfWk3eqeJyi7lDlhHNgJ19jtsa4bYuIHn%2FhvEnQS4
2024-11-29,WBG官宣Crisp离队,12.6万,/l?e=417deoIXCOnDuTtr3XjvqinPu5RFPWvaaUC%2FT3bBbVbDNpchw8z8ZdHaCCEX4%2BEoKEcYTNuE6796ITOkTw1XqHSs2wEXXDXQZgLOTSsqagUv7GefpQv8VnOxC0RdSvCUzz8k8mW33sa2fTJI7lCgchCl90%2F67mSfpG24%2F8KHK47%2BL%2F8R5pjLMLJCWm5JHKJTleOPGNNCvcL88ITqvzDe1lTfIVJEFFz3Fw
2024-11-29,11点05分是郑思维进国家队时间,14.3万,/l?e=c77dvoiDEe1Kmr0YrWwNn4MZ%2BH8B%2FgE9l8sGuTJZdHUzAW1HNWWO5QtUW%2FRnMotSOU7lAd8tVjBIDlCggezWbgcRdj7ilbGpctAvyzUFRXHXgBEgTcgZisoCNU65yPtLW%2FLWaxY8%2B8%2BpChKXahGXpkEZqFD2dDeUlcu%2Fh%2Bgpgvz1TMYCRkkE9tXLfJ2mxpwEGzj8aHvm77ZQ%2BEviPUYdU7D62prHz%2BH69CSUMIfNuoxAL9VsANQAxufFVyqYDSH4vu4oHBL7u04o8Af7ybBcLnk7trg%2Bu9D%2BTd%2BZYIzmtiiEcZGYHrGCHKo6cJC060z6zItv%2B22gYg7YuYZVm2Vb%2BmXSgKCftKYSbK76qD9bJFpfj66S25U10LSXNVLo
2024-11-29,黄雅琼回应郑思维退出国际赛场,33.1万,/l?e=d4cbF6SgW2hqtnqi2waEMzZxdUOv5NPe237ZW9nif6CAf5CCEnhP5fIqmC20s7K9lm0ihDBbULKSEi0J3ORF%2F2in5jyIpPnwOOuPJAr2eX9GegyzoRo2T1kKbriWzgOzP0WB1T4GTtPEKOggSX2mpnYZoQGcxe3vfw9J4DllQBUWfl9mcpfPqJ2bg0oOkTfh8kg9BlUJM1RXg1gm9pN8rz8btq18p0qhyySTFqBR3YxLrP%2BffluBAR0L%2BxY%2BiivcTePwCsOTsUbCXMslKLkEPKGJuytmrP9fU3StKc4QeR9Q61pinyPoehNF1VkSP0S5rv4xX95Xq3dwjayIQzGBm55DcFuButZDH%2Fck7W7AhZXrbrh61gMMAz%2BZQ3Md%2B2SUdhHKxU6uz444taTNQaGFpHMcrrlPbs8
2024-11-29,中国奥委会祝郑思维一切顺利,15.6万,/l?e=3eaaj1yKz7rg%2FkpD%2BPlvPO4u207fFW%2FEeNaJFLOpYiV%2FhxzOAfcseK5ONPt%2FxZqqKfsFwANV9PfWybnyT8clqpkYqIpvDoPygfeZpgK6ybiulX6Qlq5umGkCqduTh6eBG%2B8iovI1GOqh%2FYpvEUMhVSfjk8NdQYw%2FdKeMcF7WgUzePcBbGYRPQi6rkaLXPwocu72m7pKSEulZMRfEM%2BsHm%2F1OA8siQ%2Fo0EVuz8WX%2FVCCRLTk5PJVdiOZDSvDnDOUfjo2VhiI4MlmF8JORadyw0AA0m2e5ilxogkVl986HLQtTUUcOapXLbE96SwjjhScGOe%2FA%2FVqwnBIqWAQHpw%2B1U7zFVGHzoT8jiSbGyFHt6rpy%2BijRUFG7GT9CDefbB6IhYK2W0CcbQHI
2024-11-29,陈少熙预言家,12.7万,/l?e=e648IKLTT6eMkHD5fnD7Xd3JvEq2DHq8rsyJrJpkYqJdh43KDG%2B320LKQdq6z9Y9Tgnn8ii8FXjb%2BY4sLurFWnmemvQc2roQlPO5VRIrcmK58yLlM50K0HOEwYMndLPC8c%2B8f9hI84BvA1NAuTrgFurVxQtlgQdcSU8VrF93DoPPrABJe78lnrr1j1JqQmBNhU15aqRjLl2UklZGkKK6%2BklqR48meNVLC7JyNe9IT%2Fen3YOLPlAwHyJLXJgazCU
2024-11-29,羽绒行业人士谈生产内幕,11.3万,/l?e=9b91kaV4e%2FSEyBMW16%2BWYczkwA6fcoWAIAC%2FWGEO9BWUUC%2BqDIV5LYxJttOJ7jqFPdHpvAghwo5XDAjN55JHXMCp6mb%2FlvorBerJLCLbYKpLfPkLnCeV0vHU5IE0Zro5uCyFjJLnIOJweaB4hEEbVNLyusJCWi%2FlbUPRX7tRgDvQlxr5mBuWdkjtDaOtb%2FVk2iXO8X0VpENWwpid0MFTMPDry4iixJBl7FeTt%2BpgMhpwnk8qsD8c7HUrW4wM5P7BA4wPLEohzQQ2z6mcWW%2FVP4lb1bBJKYzQG32DxWr6f7k7dZMyiWJYX1w6oAHLhHPNV26FamjePcHxFpcQt8M61wM9pMbNx2p6Mx8
2024-11-29,官方通报学校食堂吃出青虫蜗牛,481.6万阅读 | @新京报,/l?e=0bf7Yngt5T1Dvkwuoo1usJ88SYK0jwKhfNKusS3dErio2nhajj1hJg%2BgJMlNIH09IfSclo1gBHq4p0ZcJwC0yMQZSNkGRxvQ4Q3XRPFvE8Q7eIM87nJXMopZ36fGkDmK3qYB9fmjlrX1oXxp74LEyWiD9Y7rrU7tdmFzlukU33Fya14cRPsyaylMDoGrEUnOIZY%2Fjs2k81wbD2CQeP9eKr0FqMe%2BGkUWJXxK29fq7ovtkRvLHPdN2uXL8lNYOXhCWpaTYjhOqiCbbAdtQzweP7%2FQMBblufdggj8oa6pSWuRJ5G1ukskKK0qdL6F03eR%2F1SyCyA3LpTS3WJHhOCXj4jxD8bs7w0905f6QQBTEBNn6crOV2vTJBAbCeoCHaD6iHgbEcDoD0aprEwO4Bd2lJl5Ek%2BvDCBI
2024-11-29,婚内婚外老婆情人饭局修罗场,剧集 116034,/l?e=ceb9TFPImMoJLbEGN%2FznKooituLiuSPIvAZIGVJTvodkm865%2BAEz3D%2FcIboNULuP%2BzL0YoCvhoDnHdtN%2B0ZNEubdTl%2FtvcqFnCOc%2BObZuYxfxGwgs658zLa%2F6aCRFkLbrNoZbpnpaURyQ5mNARMbkm9pncHgs7DfVbO0NfzUpN9qDoL4m%2B7y0GRXK1%2Fw1IItiV51uv1%2B50VRkQGeNEGgPHLIBGmivVo4g%2Bb73cxk%2BTejbm6R4jV%2Bu3FaIu9Y448sIUpROsIbC8wyc9vp6JLzvfwhSumDCEmhGuD9mVpqyjve4X%2B2134onSYgT0nU9qSf%2FEAIJFvqmeWFi7eDB%2FuPIqN%2FSAHegTD9YGqqvBPspi5xqvnQMk6sacgXn%2BIeqhaY7xd824Ca0rE
2024-11-29,Puff和Langx和解,22.8万,/l?e=8a75Q9L2p53e8TlBjkuNUgs12tOO8XkHaFgIy69sMXcx6Ty5OwJn41jjHHbXG52Vd5mqo%2BcziP%2FpiPpTdHMFiOhPWuekz6RSMmd34TQyj7fuqS3af6%2BwPBr88ej8%2Bq750h70U%2FVbF%2FVSj8pHPXkK60mQxbgG0lyboICHK6Ocgh5%2BwEFrEmPiAp65dwqKRKWl0WwnXr4wpwJkGa4
2024-11-29,国乒备战2024成都混团世界杯,12.8万,/l?e=96edPyKUjI%2F09PyJT6tLLzc2fiSyOw45QZcegq1mMYThgBrHzMqv%2FI5I5ADQ8agISYleGX16omz706LcPky7oTRpbWHL8Q5vUrK0KnQVgW90j2dqD87XWQtc6Q3OyYrU4jQcmhkZXUccGzFxUpmuV9ltBaVNoiAz6huZMGGMu7cIVXqqCoQghdRqj5JLFgP6OCKy4dZLBX51Gye9L5C0Ml20X6XfNqSPKrXITDWudJHXwEOf0AW5Hqj0VGgtZdwxWIpDm1YvsDDtcVTVOaauYB9Xkdr5GNDXneyUnLAasuZL4P1C6i1v%2FnIAjAUnECd9%2FY6P9naDf9MkC0PYla7jKxjIVrTKFVRcCqi1%2FegH
2024-11-29,苏新皓我记得那天阳光很好,22.6万,/l?e=0230NV9ZbWFTe0ANOlU53cNbLIR%2BDCl%2Fwj248MFS7LqcgCccVzpe7p1vTJ2mi7W7D3mwj6IAry%2B3d1z7DQyOInFgLF7EDplturCFDlHesjbQXz3%2BLT%2Bb0kghSBk3HtQ8ZEm4zztr7l1FElbwoXHfq6jKGw9AAB0WP0xd1hxaL9pYs7GcqyMAz8RDT4iVy0Suj%2B5mkJ3PvlHjUIO7JeYEKK%2FG6gA0stCB5yPQrSrFNYtgZ6psPxQZeLEAxc3%2BfCcB6TfGlM80ntooThgYih3BAGEQcZ1Nygv1kIlWqxL2On7tVWtIagJavLBOScSzTu96oisgXjmJ0%2FvSyaKmcFBpLnK2dXdpu8pfwgEpsPEie6JRiINkTW6s1E8
2024-11-29,金泰亨单曲空降,音乐 168164,/l?e=1ceeIdcoJ4H6MK%2FewUa1y%2B2I4aISHFXxt%2FfV5fn18eX6UyQrDAtR4uSmpPZoat%2FTuN6gs5lMQVAmt0QxY9TwqWrOMMmracqGs7c8nD7LMbjbSLxFf3g%2Bv56eb1jDtifEVCRQpM9Sr9Sako3Z3Qo%2FqONS6F8eWU76EsaUnm03x2J84Ev0EMk%2F4SUjC1Ol06G89zfa6fQGnht2FifDBjrtpUICE3eQimSpRIWVCYTK%2BfmCo4iZOZFt8s60KzIW%2Fk4wtxaUoE0O97NtcXSETiU
2024-11-29,唐嫣粉发未来造型,16.1万,/l?e=c4a5mwLm4jDMd0mkrfvgq0dHkP2ic7HKg%2B8g6wDSAYY4WkCkD%2F7EV4UrwxhD4neSHHm3JVSpNsFrl3Gx4pCH0eYcAhfhBsmhp%2BbV%2Fcu%2Fno61gMJX1kMYu9B7OklHvyw0ESfYPYRMdGUbrfv%2BkqtPovX5gJcCo9fMIKsJdhUB7e%2FoDR%2FY3rW8mZhL0eE%2FpwpSESOUrDb6NKViMpI%2BK6Oh7IildUiUB%2BcuKWdP2K9M%2Bn%2BkiVy86Z%2F0gu7Lv4%2FvVOR7zlorIG0ZxA8m6%2F7RcocwGcC8o4KAlYo%2F42PkyT0
2024-11-29,冯绍峰接想想放学回家,34.7万,/l?e=f48b%2BtV%2Bdu23utqNEDnWeDVrmhw%2BTda%2BtBkHdAHJ%2FCL%2FTxXvxtB%2ByH83%2BdKjo0klGta7o0zMutUppXdD3GoDwnuwFtYS4zrcQ%2FFH0cEQmnezxh0rcvnEVtkrTwyaasxt1iVFmZR3qy5st6v9nyewE8DST%2FrfL3oXtfjf6MTArRP2UNpLPC8%2BV7ypVHT97douGFchS5YlVTSBLsnd4BIl5GmGsJZau9trQ9n09n6p8nKYml6debbqSHRZiUzIT%2BqMOISizS8igfJfZIEc%2B1vVYmws6sW6vHT4nV2b1YqoxlZkbAtTFbrmtHuECagz9QuQGsWIwEt2uqs86C8
2024-11-29,冲锋衣成顶流是靠什么征服年轻人,12.2万,/l?e=d04aGAtMchZJF2uzIka7S3MyLjXrP2ygkfonjpfd3l%2FXSZDQAVivBuHAJ6wJGyHugYhYsCCS%2B1ZKn3DDnPjtyzqaNMhQuCpV53W8lcrLp4WamiaSG4YnhkoY5F3uE2g8uGO3KtY%2FV3lm2cZQ6ceKvusj7lsPDAfXp4aU1Dgdc2UgPGLC49ob9oY%2FX1GQWyMOskADAkmoZxrb2BjZ8Ly9ttg%2By9SBsDCCh2BhkKIPLnmRM07g1mhLhlCyHvDGt4jzQycT5G%2Bv524gB12wqEaxqX8Z9IoswoqXUri%2Ffzkxr%2F0RZqcNImR0IrVob5T4K4AcZ8MlmXl6MLofZXgdaa6qF8Alk%2FTTkxRkjuqCWhbdSRbWkEfhzNTL%2FlH2Dxhj9G17POh6Vv3LGtCnre430kSb1fX6grarLi9Zg4TaBZgqBp8gi9ayq6g
2024-11-29,闪耀的恒星含糖量百分百,综艺 186584,/l?e=a213O%2BBbiXbTaWAHl9LiJPeaFRKB9e9VoOzr%2FDJZHcwlYqVeZhA1ROGkCW1hYFn6I8JSixoFVsQYnQSK5DHB61brUEg8NXxo0tGnAgROyp5nB9OWgj6jhf2GsFfkKXrm3AyYDbKeWutcsTmKKcmXjijYjQorsC5RmREGTUIbGeEokQJuFj1DF6VDPOjrc1a5kqx8Md9D1AOxd%2FsN7o7k9RztscHo0ONGn%2BAVnnAT0CdSArDxtPLMiGEcYvtoplh6sxEm0pqKw06g2GQtd%2FDqh5HMomNO6BpTRilHINMf0k2hRgWkN%2BWh9VJbQar2W1ieAlpFJQTRo%2BPYLJYruPS8t5kz4Gw%2BkPn3ZVs
2024-11-29,赵樱子出道12周年发文,19.8万,/l?e=4433FwyvHpJ%2FueGtqilnA7DojDgURPobl%2BYtWqxI0sCFQvnLUQqsShNxTtAudlA0ULvwraYXN%2BelpYy1D8PGeeKDtwKAOOVpUJaaWSUu7cU%2BwxMRQ3b46gxCQ%2F0628V3nwz1i7wmJIeHf5S1JogSzzZwhhPwTQg778lLriP93D0A%2BFaGvW3nq%2BrmFao9ederMaphLca2aoivCUtU5akSvSkKGI%2FXOgmPsG9JZoj6PClt1qL6MIKmfHVJ1rEtEk4SvDExr4LOR6VzNVkihOIkNhCeBCABBfg185d3unrZL%2Buv1TWaOpDlV01wePJfVA
2024-11-29,世界羽联发文祝福郑思维,18.4万,/l?e=b4beEBzQ4QqJuqt%2F5%2FtSdIacHSfMRdOzaGKYLNUV2z5ljI6t%2FREphU%2BV3envHF3Ov5sk7NVDLNIEtB4caHeeXAwthvTIZuQtoonZH2u%2FBtgiSixPqkaKggDszUvtHiWMP5Xp6C2llK89j4JsPUFtFiGEDJZP0%2BK%2FOFsdkZ%2B5wXNq%2BWj1hFdE5UqndXPMKEUeoLZfg8hPLo9CL1JROi9vB9BYZ0cKpVJpLDoO%2FuijQ4TmJaK0Gy1kBJratXvbO6SBSCbbnU4%2BOrQXXkpJ2K9YxMvUkdhwLAS8A%2BlqAvmuNxbgEoHe4ZrfUDsQAo9QF%2BpOXg0x6ML74DAtq6ONUSBDFtwAW3pfvvku1vs
2024-11-29,卢昱晓看预告片才知道不是自己声音,剧集 136927,/l?e=bfdem8DbQN5bx3JE032Vkyyk%2FpAR6Z0wqGeEeLotlhjQZvCC5cJJqe3EHU9s41esT7mJjUgQx33JmZFRwJYdknQX4UxwtKY%2BUTNs%2Fh8E%2FPpotrPaNY%2B03G2fRA1yXCTXHgznHz%2F%2BxatBRKtNgxoVwyYiZUzTSxaTzz7m%2FToVkeiNAEKZfrUi7PsRKHGITzJL6%2FQ4OPkiWX%2FOBZBFlu7l9y1OUaCJ7wL3OtTU%2F3jBRodb5PSdSlTjUw4A0UuFtY%2BMSrVvf%2Fbf6qbjTILhyTKTG%2FQ3dviwoxoov2bxtLIaNd78wJldEpJw06OpQdVErS8tyQKdX7tt0OR8gjGmAbUd0XuhP72bSkQOw9dwGZesJZa2ZgO2pGiHIinjHpo1d7s2ZTUCjgLDrbfgrpjzE7Ix2WYtJvXsQ76hQoQBklQ0D5hiqXGA%2Fwa6pqycWQUu6ROu%2FU%2FEfyE
2024-11-29,孙艺珍为2岁儿子庆生,20.2万,/l?e=f190zD5k0OHTT0vvyd%2FnCWFckiIDPUFQBQYSg5BhI0Ac8NmAlVlQGhb%2F2vJIO2E7TSQml4B5lzb9MVYD2%2FlnaPjrzHxZtxQaU%2BRgprkddQ1mpYTfVj7WEollXpGU6JVsMP%2BwFWESf1NEF53q6WbCIZbOP4ZNbuKz1MKmGlv1qF%2BqSz5Iwnbu%2FyKBf9yhvDGZHMqz0ypduCxnP4Qv9UAOJpce162tYsXN%2FuABMbxZgu9kskDfqjgQD7KHh9znfQuuqO84OF3chEDMJMwe0vmgAD8a2YVi3bYJZsH%2Fvx7gciWi3aghC7FuFLYduIPi
2024-11-29,田嘉瑞新剧民国版杀手不太冷,剧集 142358,/l?e=0169Zj9FHKASMbnHZywvCIunv5huDi%2FM5a%2F%2BorP78YnCPC6V1jlWLN976GSVH1dO0cmg5dQ05bq2rGcjCcQWnDxhWVOMM1HoaC2QshDc98%2BdqPQuuifY2UqiuT18IUg%2B2KKPX%2FMLPPM6vBXovc24oWgM9xNNxdSuvypye1ABxiit8yrKOI9vT4EoAFlgBmp%2FjjNlcWyZb8p8hXVq1868O%2B35J3%2Bpx3bgwg10f3YffIBOwWBdqUIms7gK8ami2GjxfEZPj1XNdxBP%2FXX%2FUBg1ok76IMwr13y7cbkD2hYCRcr%2FKomMSsev0JTnyMbCSEEvKBHrm6M7pJzqbfwalMoysbXt%2BNOnYUcnwPsGt%2FL5MwcjIGNL96DagjRsLECoTPfggWVLcOzaKyI
2024-11-29,央财教授称股民套牢是好事,12.0万,/l?e=dae9ldebzhp9IPsi4eII9kcRLGeXf%2FFfqGTf3JyAofGt9nvgZKKr7brR4KS7ulD1SIS2JPG0u2Zs8%2FSLHzI8iV78m8EHlyY2x%2BHahpD0ivto0ihufRtdNZzE305xHNeInnJuIsUf0Nsrw%2FQNYKlHcgmR2EHQqjBfP751C9ZJplS3l0mb5TOU4Y5GC%2Br5Aptu6v620oiP71S58SNJ3cNo%2F%2Fsq1ZA%2FZhmBe2XLSZ6L5QIAy6pnJ21F6E7LpkZuzYPqfsQN801XFodv57p11MYb5FHlS8Y%2BRWBACrdRVgqq%2BwoZbEC00rRJBRsDBp56LfR%2FPS6LNzCbsp%2FP6ct%2Ft47RrF6cMnbeTb84wjvpsgDKkfySAGJo0HXAvFw
2024-11-29,看雪当然要去吉林啦,11.3万,/l?e=18e7jbI7GgWXAyjbA7CUmuTbbZzbc0Qx8a2FLqfxgol5tffpfa26fhFAe8YOl6eCyJpRdOIIlovRfIXD6giZtjcVx5v3%2BryieBIq9kxUxKioW0fTJJjq9SYgEDYHETMHtl%2FJtMbOCvpW173P8LjKtgJAZd%2BnMxU6FqlB4rkN1Xm%2Ftf699eHWAasEIqnMPxA%2BVQZjivf0h5GNKIa%2BgPjq81ZYhBU0U80so81xOSo3mecAmWOaTn%2BhXQeRfF4UYAnFE%2BK65tzCLuAbrHPndfFNyA2A1SCLaZDxGW9Dw%2BEGUO8neXZja%2Bs%2B%2Bb%2B%2FhKo
2024-11-29,筷子用不好可能会成为伤胃刺客,12.4万,/l?e=7c59ZSCtU5P0pPBczGr3OHL5qahDvkl%2BiNRhgDg2SKDK7Q2%2FyX8Tpga1fuKePinwvNLvmvmdaKWordj1P1oP14eG2iYkRT23Xo%2BVTnh%2BEjsgdmucfCXvfTyp7TWDSLVzcXsRLJGgbvsoWJ5KAf%2FhcLzbeXjrISmyRTv07np2HU0LP5ANClEqh46BQE8qS1tCQ8ESM%2FwADk2mDJ1Ms3ie98o%2Fs0njsPCePBJ2AgvcdJxceJ7Dwxg772h3YHANP2FOpEWVbIi28PfCGyK6w1FYAYBjqMIDNGBvxKDRrZTF5EkVlyPYeoVBjvF2Y0sywU9woIGoBq1PDUDejL0U5rzp9nFl07nkDJ6AatFjWpk%2F9l57xYXfXCR0F53q3fTPCESJXJXlcMs0F2JEWdXSFnu8VGWZYNo0tzw
2024-11-29,山东一金店被抢损失或超千万,35.4万,/l?e=e16btzZQiW0iR2U5S3k7cdMi%2FkUct1HfXSXpcICcRFw%2BuhFMYSDcJmj8UvTsbhDDLSFK2jg714FcLVm%2BZJ3nJ7Mgd0itrRuZSV9fCHZqQOe%2Baf21sMS5juypkVEwG%2Fde8%2B2TWbxFBv2vEqxcahqGGqXb87Os4ZsKILAFiR532D0OD8xn9Fn86JrgkB40Opx%2BCVtyHWML9XbHKjracRfevdqyWlDVC7yylb5Ou8pR0pkPFTzYccVZMaxy2%2BHdtrzaj4zc63PGCSLCRzWWG7DuUo0lWddB0keV8X7g1uuUr7ki%2BjpGHHQnrp1%2BAF%2Fj6W9sLc9149MhWcpoDF2zaSE1Ze8rzbbgKfKrgdvXOrRlV8zSFeNPz3hF8qbVxcFGj91gJCmD4cSKl24
2024-11-29,张杰第一次平头,音乐 127235,/l?e=91eb5aAEfrIMseb3zJs2jp5jfOnV6g1fTacdwVjmn7MZ7iBJruJGRvaWK5gQHFWXpqiu92e0ECZGSh8xbmdezt20wqPnFpdK2%2F2zuEW5aekMy5vo3srcushcpI3Taqm2yTYxOQ9dJoU%2BFs8MZCyXkfj%2FxYs%2FkASydLs9LxnF%2FIMHP1K9C6URPXWSpeMDkEHkquRuyGHJ%2BDinO7m%2BanvkbxLJM9R4A7BYTX9igyoNyicglp75vf2pc0AC57Jrz%2FZ29FG5bwO0bC0H1SEJII0
2024-11-29,曾舜晞参加尖叫之夜,晚会 223911,/l?e=5934DOpyOCbJ3ZUL2JTqmVZ7sCoy0l9MiONtvjl1hfDMSme6h9dclXvXYSS63Jj8lJhPeXCxn3ZXIX1VL4edOFwn%2FVYHqc1n%2BfOTFkMY166WnR7XXiq2UestVkZ%2BvcOaJBZWhjU2WeldWAO2IorlcJLGdmsHj%2FkF0unLIHqC4qXdp1K4Lqnlw2a5X2Es68RMFxSOVwe0xp%2FNBiXivPFZOVZQPdPyrN%2BzWayBXKqlxGzsPU3GQb51CmrEZQmYjHDqmzFbhw%2BlUe2pIqnhha7me7DTInmI2lhUbYk%2F%2Fx64E%2Bo2bebwqj9uMTK9Y9c
2024-11-29,关晓彤王安宇再现跳舞名场面,综艺 116507,/l?e=e263%2BKNhwxXFp1DP5XnKJEAdPL0MZKxGfIlpXfQeuLqZHMDCGSkIsz3UxA%2FV%2B6nRI2cR7pXLPuIb1MMmoscCxp0GgmYF1Ht3uX4PC92BAYLBw8OfsVHhhIYg0MMKuEAqFWpbN5GQu%2BWXyjPSr3jJBfnvJ7xjxS%2FiEHDymqNZ6RTBw%2FuGtnsdnaLKk2bZ%2Bcy169jdA8kCG6xDM2u%2FR6gHskKanDQabWzYVsmFRB7fIFAp0zOECYnE5B4VfBcqeOoy%2Fr3e4kiTGNA%2FdY%2FXs1GobmrwN4P0lq48slAsk5S15wx8AY8%2BsZgLai1olhhPefcphLi1L1YWfRr4Yr3khM7IPwiQ%2BxfHuyj4h6Vo%2BWIFDWTMqS6wBQkYmpia0csF6ScfMFm5UbYBVXE
2024-11-29,妙趣横声一同框就是花式发糖,综艺 139199,/l?e=28f8yfFp7cPXxdYwuiBKIrWi4zYKqmpkCZfhzhKcW669oMtEngGT7utgdNFg9kE5zxpY%2FdMQfpAGTjQeh3oZoXey7hBgXQAoezye1zEmQV7Me8lW6LNLXsMfBPtLga2b8Fy5MHVz5xddWGOl8ptV%2BgjlWw%2FrknE77SMFaV%2BbdHpAFqHiP5JB6jHGSThkI7Gl6o1hvZl%2FE%2FTL8ODT9YhOb0GspB38Xcg7uJtyyHvNn22FK56%2F8QbciNiVShbwfiGSKmJDPDzNoiDqxFK9CbMDmbVAOuBPlh65%2BtIiueEGn0rj0uyLUXYGjGr4tX41IfGtRfg7xDB1CFdgNd1tVVZbTL7yrr6bG0Tb72h6Sc2a5apcSblDbi5UfgN%2BMggoBp9Z4dGi0dRrjwU
2024-11-29,郑思维说国家队的恩情永远放在心里,11.4万,/l?e=b8c5FFdNqD9JpiaoNrL70dmi3eo3NPJQDQ1zH3LUM7XasTygAejKDnYfB6o3WLkvttFW%2BvGrZR8RB2DGN8zyXDG7wQ2nTFF1NGWC6qFJthWAKgb48cACNrHDP%2FVWCipOiedBr5fqpQVaAQ7AMw1yjASFmlWvpdffDlRJgk6bbr1osVz4diIM26ib3qSLwpTAOP3Pk3guY6aqH4vI1S368sO9vuhsWdjxcnMFiKSRXk%2BuyvUzXcLk3RDOGQRTY5sPko7X9jwsNwowTwfpsTWl%2BOIs0nmbw%2Fbvu0YX0nNBZZTfUxpucfv0FZd2iz%2BxS4gbyryD9UjV%2Fz2iURVJ4X0SaQ7Nhth6kfF%2FhhcM0sgpXZKyNZ97ySlo%2BU89v1dD2nzAzHoKYsr%2FxQLUJdSmu%2FP4VnAd2yAynquVodtNE5Lz32HFoYJAfFVW0RXkbvtNCWrzo9npqww
2024-11-29,孟子义死脑快捡漏,12.3万,/l?e=77bd4wREdP9Z%2Fn9GiC5j9zq441Lkd51wq4tpDOYZiDVNHeuz7wENO7TlFPHEHNeYAof0SX%2FXS5tEOBys4cWOuBquxLGr4i03uvYYd4mHa9rSFJ6M7Xwy%2FmVROWnzcMR5Tk93kINovx%2FtSIU0FARx7TJxcO9TTGFqAud44UA2M4aIYFQp5zdn6%2FADO3%2BOs7pGwSmluOC1y%2FOnXd81%2FvFFJCuNRMXSYeUrojBKraoOQBBi2MF4fBeYFMEHB6S2BvqHWmnObhtrRhW9oIYSmQpIXcMvrWsPJw4SigrX3ew
2024-11-29,徐志胜 麦琳同款发箍,11.3万,/l?e=b6110M7RJxSwrn%2FMCuF2bY0R6IP%2FlnA7pEc4GgsDEts2zOub0DjL7dNRpfhRXSlDNLWepv5piwQLp05UAxdpmhkZZdaEIzBTsKaCYuzxgwyp64YXzPNqRCzcG4bhHMBb2E9937hkGIHkFSzK0pB6j6Uqfw89n9G%2F25SWaGnD7B%2B70nUgYqk%2FcU628gn5woZhoNntRF8ocKFhub1ZCrlV8IZrSIjT1P47ThYbvutGkbaIToIri8zU0XI15BZGG3cvgVhIkrzxdFaks0JMHaBaf3psER9iNyBpvcdG0BBvJupPSrU0TBXe7bkBnvu4NSg
2024-11-29,影院观影过程中屏摄违法吗,296.5万阅读 | @新京报,/l?e=503d7M8SH1i12sDcuJmjDppbHs9szk9x8HjqC9ei%2BBagVvCjsqwVO5GH9PskBn%2BcGvsOhrRD4OLhJV2s3JzlEDfHJbEoos9fg%2FwVNW1YTDgnCceLc6rb1S8r3Upfn0%2FqjAgM8ljOPQp5g3zGQuEueMFHKGCBkBQiQwnexkrlVPf%2F%2FMey34Zh%2FC1htoLzFsiu%2BWfEKfRhgoIJCbxjEoe6vmve4dZgKI6Cvt8l7XTJssIJ5tLmXCTKIfdu%2B1dzyLcsaqEncpRLeSnoD0fz1FyOrLTpqbe7lGh%2B2UjNwfH68RN25PzjYxxZUwfL102eP41c988xUvkVoGS8x9e5tEOwMotpa%2BtaVn472AMIZHvVsn%2FWJIHbgu2Iy3Q
2024-11-29,离婚律师每天接触到的都是麦琳李行亮,23.7万,/l?e=64f5JXbKhxCeQl2dw1OSpu0HGU85jPK0Sjm8cmB1lPGDz%2FlxjQguD%2FBWw%2FId1GFSTR7GaCTcb2X6XvRPfZCUP5lKzjCYtGXqeaNv3e7euhZJ5EPmAfSw7FeI1Hc47p%2FeUkJ654qfAoP3f4s5%2BxgOWaVPLO7lOuKqOKSwecRBjSQbomjTfiVgcXq4%2FIQypRwx14I9c4twU2ItBu72We%2FnzpKq0tA2iLyxxpb6jcr4yU%2Ft8rsqfROGHIttxf6qVBnWtgAu9xiP1fmSG9%2BpLmsXV8eenh%2BE82WMI2HB33YiZO93kI7Ufw4YahJHnDztc82Q6%2B5aV%2FyzQPrVTZK85EN5XI91IZ4IJMQ9gaFUXCXUi1z2RRdxoaL053Cht8KhIFfdLjYzBwv8E6WiYp4niKldiMVz1Cefe4itqVsxkP2RGZn2ekI1lSyi13NXHvjHJw1T0E3vNnZef7W6EH6NWz3DmlRS74k
2024-11-29,Ador代表希望闵熙珍回归,21.1万,/l?e=6d887NYJPVL3LqZgnAwRrvnOxfPF3CDdYLskGrNeNVL9m%2FAJ8xWJ6mGjr%2FUhJbEJ4jZqaRHPer5RA4Ufyu3XWELQM7wGzfDI%2FKVUWneP305fXvVGQNMnJcrtyW65Y1mw3ZUpzO2LKL4EjsebAVxN4soOIZKVqYsVpo1gurYdgV1EMT%2FcQ7PaOr6hJGUaxAulTkbtX72SAKf6gg1qWxP%2FSexh%2FrgBa7AsOvxSAZ3V99GdpJkFVIrc5Jp%2BEeZ%2BE9TCKt7igtjLPv5fxUydbSkRH0bUcoiCYhe4cPVLpfyBmyXUb6PvFpTdaiHRotCvGXCZ
2024-11-29,成毅参加尖叫之夜,晚会 172028,/l?e=58c70sp7V92E8H%2FVTxPhmDPJWvHmMMmjVZY0vgEfA%2Bkyy07qF0R4r8nPIJwbYcQi1lRBidmPf4vs1Xx%2FRN%2BYhWJn92qqKgXc%2FCvValVGEW1VHO4qQs7GJjglLcSHoiGPUFI5gJqTvXpelJgv1IP6cXYYN6%2FighFgEWflJq5AOdwor47qkxggCmGj8uEke8ldSd7dVLZQXo%2F2nWihTTcjELW8CCKxZsdfAkV66EEsHXCJqQVTOJNuVAYWNK%2FKPE9ChuzUl9AROwC%2F8XovcFNqewZ1DqUZj7H1T%2FvZvz4
2024-11-29,李雪琴剧宣有两个男主,综艺 115536,/l?e=4d51w1QsQv%2FCF1VXdyZHSKHAPQ6foMwlkg8%2FxEru95qZIOacCaHO1KkvwSJb7fLwJXir39K9XCMK%2BAH6tXuXX1duvQU%2FrCyGvPvPZw21i%2Fj3fmTb3v0S1JinMj4yfYBoVERDR6TAalUrvdHOr8CSvi4wXSowhIexhDctHeNm%2F%2FgxSStTE3l5sqcZ3qTcdpYmNW0EtTdyMr%2B4Y6xKjGhvLImIGbKnlrdCOFQeCG9rHYGPPBeAHwUYfIKDmwwv8neDB03OcDfPL0KJ5Z%2BLnnqcqjnc2RGZQ64AeM0%2BecP%2FkHXeH%2F9vuMf6GUlS12YLpaI13pcpJLvqqxzOdjk
2024-11-29,17名男女KTV聚众吸毒被一锅端,35.6万,/l?e=fd6e7MirhJOCJasJhzEnrgKZi0mUTVkI3BVs9MTe37R76nxjUTmDOgv8dheE8zVuvgOmyROykDhKg28glgZ93UNBxZO%2B7kYmc6cSsoiRM7qXrH6JELXIY61NnEbVzZywVgkhY0g1pgPCg1buLNgS0ivPWwKMYB76w%2FGKwoz1VEL1creISDgR9saEITd1K4iQgl2bGhIFWN95M2J4DXXqQRemdsTcCLuih6F1BzVM7k%2BnkD5RVKd3IwDY7mrwx6P2xZtcr5ljeOQciX6K4QGVCk91wlAXtk%2FBpDNOS7bf5I48YUZ5ZnBv8cVHbbijvkLQv1eAca5O44miFeiSLu%2FLWOe9gcW4OXbfNcDn1qODlg
2024-11-29,你家的筷子多久没换了,14.1万,/l?e=b75eTVojf1%2FUYCQaYH4PrK2Gi5TgxVC5S9HGOqZQI9paOoRfGo4X9Sw6YHB%2FYbEIx0qLRMZRUMUdHCp6Oee6HAqt%2FoBlyzGRFezERHui1ibvSQe5DFruzkFJ%2BJjxgsHfWpwWJEMBeFnPRmoLEKMUMkw0ToGXMNbgUs50PVIVpyGRa9DDoxIhcB5fIv5C%2F7dnVmEXObEj7UPBwAXvfrTwyIB1O%2BhNuv96kgdDgruRuO4MRXQepGMS7utXj0UxaqUBcUfxy16J8LI9ZU4pq3G%2FrTp%2BD7aPPpkHw51napps%2B0Y698pl8uzUNiFmym5bcPh%2BU8T3NnV%2BxhYCH9w
2024-11-29,普京称或用榛树导弹打击乌决策中心,281.1万阅读 | @CCTV国际时讯,/l?e=116bULkPYdOcVfqBsJ4z1pP58vby41eouKjQx%2FQIrSGSZFcnBsZEiNjCAnTE9DvJRMaYpl0yBRd3FgeEPOkXcgYIOFkhRBDWlDOlxLjBTC%2FBMIfL24pHFtb8PrGhYpL551%2FAUER%2F70M3Jz2wBkCNJnfZduzWFgb6vxScX%2BmxLC0TxK6njzGPkUVU3EX1uSxndhhLQcQ4Hx1tCAM0VSsKyGTCc3geDJ4nnWpM1T1kv2qkx0eES%2BdhnZB4jPfq1d1hvXCtj0Vm80AfvVXTiDhe4NwypnH2%2BEW5nWniduHDea2Hl%2FqCnIqL1IRKmfImeeC6qibnJdLKkkX1z9x7AaOSidLI2ygZxreXRV%2F5yYZiNgJIDRAeTA8aPW26F0nF%2FIMruDD%2BDV8FG5AEW5rcd1o735wIiXuXxI7iOZyIPWi6x1XIX5m2P2guYAMs8%2F3jgc62Pbx38uE
2024-11-29,专家称野猪已是危害最大的野生动物,343.7万阅读 | @红星新闻,/l?e=4f10AfeOoPvJMq5Gh2cTjHmRhMwuQfPSDcbV55KYDE4xYF9zJwKyXHdG2nXrvXljRFcPT1p%2B6ppxWLuHPbzuvrR8yhech0CRuCrzZTHui3tYPe6NBelJwb2cZXWAYs7yhJ0mxHnrI7FfQq%2FW0OtWbD5g8kujG1MYaTD4%2BfC4kNJNh%2BkA7yAA%2B%2BrMf2%2FWG9DQNMEU%2BwzAIZVXN0GBYhTG5y1G8q0CosoKrz9qusYwguVdL7m9iocEa37gFTvqTULOgxepxajVtahAOS%2FGcV19VD5KWL5T0Pweq0gaX4RSk80JXC81OlF6QZrSH6MtOHEbHaxUp6OSh7JBXNJQzOBq5X7kycz%2FjKdntus%2BCtBWjD%2FFLp6p1AlzhNd%2BQRsQ13em9QaKgDGNIIr98AcgTVito%2FXZuKsDF8UgQZ2tc2wLMqIKV4BTta%2FNW7eIF2jcoDBepHrQMqU
2024-11-29,王海质疑李行亮麦琳争议为剧本,13.4万,/l?e=4253cfZkr%2FNsrjpk4w%2FHEaOzAPtQU5rO5BKaNBhXIAD0pgjkFPMwKG6EA%2BYbNTVTpHX2g%2Fq4oMNoGYcN4IqDPWvSTRxva4Lt0mIWq38M81rWtNiBMQnIfbSybYRS8ON8z6w3kMX0EQvgOtOzZpeqCaQvJ88BJFK0HLbSI1UmWO7jA4ag%2FmzHMxGmuRfioIrH0bpKTuxSMndRJfk5rD5NigGqQjGDTGQxCoKQDZ4CbNSm11BjvSQW9u48RI1En8HDdfzQ%2FTx5zlJFVIvg8tNV4PzmSA%2BxdD3kV6nAwJ3%2FXIktBLNMswqVZwI1Sb7OuXB3qjX92XBQIvyrsX22xkCwayEXxvnUQp3%2Ftep%2FCe5h0HEnqiAOo%2BiUZIQvbSqjcSoaIHXh2JqmOInytUaEXmzuw5Ms50Pgfmc
2024-11-29,腾讯黑色沙漠手游停运,13.7万,/l?e=66faPinHomwfeTRR1%2FhMKC8kLvT0dZEv8IJOFTSGqjFzQXGY3KfZle6RuTzc1xR5SpUoHCZzV8Wxl7TiTf2HRboLwzzDu65B7m%2FOJurSPBKnA2xyL3NU%2FrecDOXoCdqAnHg2MnrNZR8ivviy7uucnxaDZCVO%2BjgWEkt70wKGm8genRAWzfv5ayLZTtY0%2FFWyXaIpPNXDgRL875RXBo%2BFxyIUtPjqwAjisG47OcVjzpc4cTI1jFPpaLBgbqUqgDFPYti6NN5FFNsLQSYx8oMbOyoS9znXs871GfGWbi55sISnyLwq6h5DncV6lUmHvItBfdcoAZv8XjESy1Y
2024-11-29,老瓦杯海报马龙C位,21.3万,/l?e=1e06W6fvXmWW6dFGun7GlwxM4frEXSDxNFAQ0hk2az%2FNN06S9k%2BFzpyec7Qv5BegU8olYhC79Dc1YN7tstkCYULZR%2FvjycmnBkUeZYa%2FkSKs101uyBDE7kptskXsNqE8aJfgDHRqIfcCpcgO6uLTWZ%2Bfdxp3hioDseQkvUq1Y3eDYvTqLeiAUXw35xoYAEPuyxKWbZ6SmrHUMDE5l5YdMoVrDaQb4%2F2wpZldvxsHQYO1U6I5n1AyzzsaDy1huMt93EW9eAlGifnR%2F950moGiQrd%2BGt4po2KcmJU7mkbN
2024-11-29,贺峻霖一路繁花录制上班,综艺 114417,/l?e=8bd13JgzWPkKBPpNdlfrR6lty7J7aaV6Vx4GInM%2B3%2BUlR4ZtqY1E3NE0m0rAdKkfJZPgDo6IlGAqLAA%2Fgq2hOJvFiS5st8IfY8RUvHkfRBPXCtLS39jAXDpr5Yy%2BkJ0gYYqrc%2F8ctI10FZ9I4T6ciNxk06v%2FcvKCTWJorAPMRxCkpM4MbHYjev%2BzVj6VxZEbCJI6IL3sFdRb%2FWvN%2FCBrhAaiQrb22fRLlifd2Vr1aUMrkZqDoy5NH3YkI3nNdv7lh3w%2Fl6R5tANFYAy16lXVXgGLzmjzXfXKvzqL609tA%2Bow1wTQ7lSPW9zmSV9rQ6NsNQCCyCl%2Fejcu9BsrdF%2BTUCVGCr4%2BOd25NW4
2024-11-29,丁禹兮海岛副本今日上线,剧集 91098,/l?e=df5cyCZdsNyEoPSuupRd2fVuZHgnrAJYpUorDJiehJrnHH2m8N%2BVr%2BaM87MaEF%2F%2FTGuYIE98p9FmFXDazDbhoSYDYToFhyMkvtcI9jOF56PwgASMcLOumi2bM1zBcn%2BONsdp%2FpfKF7hDKsiAGE5Gs%2Bb4SvkkklhOcIK5yKc6xTGzq5s9tVdBCA3ir27piM9OtsG8Vu69R0PIDfoL3zCfBkPfnkzKE1dBaUnAyKyZocHgjzvilb6IHS%2BYuRkZrgwN1jNrM5j0b9HVtgw0zXnsFhv%2B7ezk7wPEVLGSFkAQ48cry%2BhSvuQjPj0lSb%2BM0ff7skW%2FQAweD7G8EI5VA0h65NY3pX43k5ct92A
2024-11-29,张雨霏跳新疆舞表演经典扭脖子动作,8.7万,/l?e=8cf9fWohDWz2tfzSvgNQHNXyzvJqar2X%2Fcz0Kfn0ZMFNAqe9MT%2B30u22gfuDW1TucrVToQn%2Fh7XqKZSY4SfmXf6EkQULe%2FNxssk5xnSjpRa8GhoayZUgmjMvRD5no5UgeF5t572xLHGaxykDgionXZLXhln65ioABgn4EuMcAHgubstt4LkLRsdizohW9LRtpVZXakpIKAWF6l6e%2Fwj3KcH%2BDD53C96ixbAPVV3%2BlxnSIq2w8DLTesFfgtvXoCiOkgigTi88fi%2BhSnWcE1iYgwUfa%2FIp%2FrVmNxgfpvSKQj2QbnPUZejfCLM1VTxBNtEP%2FZTBa%2FDThSTqp3D5S3WNAHOeKiFYTS1kz30K6pHdO3K5fQqwneAdXgVa9O2fDIJ2%2BsgVSNjpJHXDyke6aEzi2PCoZlZWPvVVtai1L%2Bp75F3fkIyGnHFONic58w3Dr0BFUO%2FgZfw
2024-11-29,张杰唐嫣荧幕合作,15.0万,/l?e=3ab0t8Dl6ymTErV4GGIYlt%2B3lEoKbhOhu5NxWW7FkPCsreDefbJEaJKSCR7%2FR1nqw%2BNLpgZacZJzPGWdm3kKaV0rKzNbR6A%2FYYjaH8QquDLVszjE4DAPgQMdu1sZmOvvTkK3aJPDcRolQ1MnJXMIzcQcHi1llL3WaExflgdZKB6%2FC0j7x7Wszx8unuq199LZvcJjfM6tV9hB%2BMCp9eaYgCQubbEJTzrV1YacYwt4YT%2BiNp0uRviMxuAeds7ilMfei%2FAnJj%2Fz5GTHUzCNlqpUUsse9XgMBhuEvFZIlN4
2024-11-29,LWX说诺夏太菜了,20.9万,/l?e=2c69dEBXYtS%2FMPBrN6UeHWfmBpjRpqvurYwBkioptRukt7ok1cySwGeFtkvN0DSpn%2FyyfB%2FTWiv1sOY1C7U%2F2LPYO7GoUSRgYCtk1bsysswcFsrVez4c9DobM0Y0Ts36zITXY0ARfcXFZuCU0dE1JQSs2itFiXBgpd1GE4GaFH8E7Is7c2YZH2fukK9s73Z7Ckv96U3555wFQGjK1HDGlF%2BK5dbX6oc2an1DY6o1D0EFhMs5a9INspusStJev7ctAAk
2024-11-29,这样的新疆棉花我支持,696.0万阅读 | @热度新闻,/l?e=be1dl%2BkRcfedz4Zmw56auEkxj3HZr9r2OyUirdvKLwaolDNjMGH2V4u9eI9GEV6pgeEj4%2Fe1bHi4F5jRC3iBSVBK0rph6FPzCM2E9hlmIDM2rK07NbQfbR%2FiPij8MSBIbH1piPCTcwsNcmmbgz8XGZb2sCrFaYzfIPlHvsQJ52HhC4IyZ5cBaNsoxya3Y%2BsxSr7zRmv%2BZAFv0qjgPJUWoIjm1jZPc2r8%2BVmCJpys1xa8vwfjPHaxjWT8EU59eiDD00xhNoPBKq16Pk7%2B7mh175LgaRVMeRAbghZQg59SqCj2x3Xiqc35uyz6Xr765fd%2FiYtMUIqo6RDfqRQ
2024-11-29,奔跑吧揭秘穿越千年的东巴纸,剧集 151335,/l?e=e8b6pzhaqvb7qPax5PlCG6QONr80vAhSrxw4YpbSFX4XKJOFoJA%2F5uGp2CGd3tQNC1NzthzlxjuoA2Lu%2F3MKspAsaQpMa1R0TqfedUjMXmVcK2TdbFzk55DTLymCUodYSLkOMrRA9v3cZZ8GVACh9Q1cpSFjiBo1MxCmk26ySW3vn7KVad6oUgAY%2F2uWI%2Ff1eAyJuMTc7NbYoqWgGPI9rtrhX1W61qWIR4JDieJ0rK0a18B7XDFdpAQjTyBrnPXSsBLvr5l39zYmSfdjIPXeI4zuNeO5QKEexBh79681lKl3z9RVz05KH%2BrywM%2FPYx%2FNTOKJmBN9pmgrvBUTvS1qSPjCFv2m1AaASGDK6o7PAw3qPO%2FgJdLxFKiPRPEv1201CDJAPZ4aaZE
2024-11-29,我们内娱有自己的李准基,综艺 241310,/l?e=e4a6IRTdS1SWkcDwIDkoRZXg6faWlSsRKW%2Fpp8qybKxcf%2BUg6EGiM7eN9AupmkRiBgBIj%2B3s0MBMzruZ91HKbcxbOaFDAlEK2sduAg2ZrJ9digZy%2B%2Bs%2FTm9AqsTplBaeOMwS4SCumt947Oc3pMK6v4myCiLoRqcPWAftmRMLbGIvjFgOywFHRpLcvSGXmEvldCd%2FKSxbDAIbte7006%2FE9c7Er2IoMg9Kh6rTxU52K9VYwFLfP%2B%2FBy7w6uI7hJCuC66P04HoxVGBhLQcE70m3eIAZhaMsO8I2dF0wQOQc%2BBUAupmZZ6Dp47iAIVWsZWu3vmq5rj8qcEZ4jehcsfT7X9rOBD9Xl76fo5E
2024-11-29,辅警因为一次好奇9年后救了一条命,35.6万,/l?e=e701baXXnsW7NrHWE%2B1gK7ZRQmbnPmv8lmGwALrETcgcHGavZ6YxDCToE7ptxQrhOnLysnaaSItD9ObhlaOn8rcCS83YHXulZtZzTVdAaLFGpEP5541rPVPTcdgVBy2wU7G1bIWVbpbfH3eV%2FuMwb6zZLoVEInxM3zYvSAjlrmuMt2ynj7K%2FwWNaAW5AdsBEugrDTjy%2FGFLTthEfkhT0XRigX6wd3YDen0i3uY1j2oEgBYCnp7qZcGz%2BEJ3EFPwsVVH4EuMqgjOUoDG1JtSupV95EAV3SJ2uD5Ur90TBKku6I6jDRRu%2BDleWiPxxLuBk9IkMQq8s%2BCdO64YM%2BkypQ2r4SeRHldxABj5C4yY89oeAdpss3vhrFD6f5r7NwxD2n%2Fb1TP1t6LwIS%2BgiAvnMydWG0eto0s3zkTR9NgIT5%2BeqTHClF%2FQz
2024-11-29,张小斐佟大为新剧 再见气人,12.6万,/l?e=04af4cED3GSfIFJ2JsD0zYzb0zQZf%2BMY70IRh2eY6Qn6e0MAmcDUol%2F1KtNCEfmnTBcihhe85jBiF3s0gLvHsfjZLTGKqFqbgL%2FhC8%2BBX546lDivwe5UN64Q3wFzVVlFGvnyH1YWMlXCqJTNuOyImvZOPPiRJk36%2F3Dbnj517Nv0hJJdM7GfDXRjCX4KhiJup7sCWevD%2FjfnTb8%2FcreNOy6yAGL5IwOcw%2BuQc1p4YRObd9PRTXKS5ov59eaQ72jgpDkxIbpD8NPdZEtAHf0Hs38ZpdsfhoVLL1TDTOkKrhkA%2FhRq7yNfHy6lPn8uyTYRIItPnkywzDe%2Fn8VzH8UjqfsYfVAtEjLuTsJ58D%2Fh0ce7u0Xxv4DMI1dDMEM
2024-11-29,网易辟谣网传深圳公司全部裁员,286.1万阅读 | @澎湃新闻,/l?e=2abaF%2FqtS86ypkZ6oEoRI%2Bev7PR4VvGd0RbBvM%2BIhvzEp5oK4vWf2TMS%2B9C2pzKWipfc3%2B0a5xpS1M3I4M%2B%2Bd9S%2Bf1DKojVeQlrPo5UQSBedP4uuUHIylgSZzk9mAGsLEKuo7bTjuw9u0LlJcgmc9NGiMqiOeFRfNO3N%2FTGC6yrDdzpkvF1DECmaNdMf2iRsARi94RWJuH7omz3Rc5wVLj%2FzcJOqmgqrszRLCSCd%2FwuUzURVBdgvaP4y2TuRqEM2Q8vr1cnYN2fc1LSjIA%2FwCnQFSwgyOLHJNV34%2Fg9yz6TcGH8zv8IuMP%2FV5WefUrTvVv2cjPhuJBsWCTb0fZTNVxOtakuvGnxdaaz9y5WEWRs0yZmP7y%2BubIykOsjgfU7vHDEI6PeupUf126rzPrQM8MPCqIA7%2BUg
2024-11-29,南京晚高峰地铁隧道现野猪,388.1万阅读 | @极目新闻,/l?e=a219khIq3XNmLhOhIUUk%2F%2BctGTCNbr1TFYhm8sJRPxuB4PB3Vt8I5DETLtiifKKXgUJldtbfSANmGg7eekRt4ifaagziRUfBbChsvSZimHlebLXLwnRrAPNlw6Nm7ekeY6RPN0TW%2BCJMtxxytxJBqAtCcrd%2FyJjfCkA2nxhmuXMnqPsxbVUvOhhOcrnFeakHr1M4HfB%2F9H5Fv4MO9n2nTGr71wJrHom6PaTiptaszQljBAgsHaaKiRefYHa2RuANdPYFbFIujk9kIvCFekI30tkVzd1p3pTZ6RrGIcIXjPwECavRMzsnccrdQ0rYwNfYl9eVUqBAubKTOPUUj2mfS7zgWejY%2BgLiPotnmmA0FNYdrFTWDoOAJNo
2024-11-29,南京地铁回应晚高峰地铁隧道现野猪,437.2万阅读 | @极目新闻,/l?e=94e7QmlsuPwYnsxlFIe6LfWSeKnlLBnLx5yZZZw8wa0nfuDEYgPNpm2dQGnMQ049nSc%2BvuqKZCfU8cX%2B9IlU7b%2FdQfpyrtqW3ir3dekDYHgCBbyWkvX5zly509j6%2FGNkCQzppSbG1ogLhA1M%2Ff5Y%2BIPLQzWCc7yk3fYDzPKKZul53g78IYke307jxa5hfAWpClSEAIaA6gnDjVAc9jFvsnNXsxYKfF0FXf7ziPTxoyIzCO5tArWiy%2BR5WfVQ5QdlGiEcjFk3HWlMHVKIeB5WzFayvP9jUlko4kcndnaVGEu6mOKutdsJmoEzoBOQE3mAx2bQnAqO67yd9ls93RxM8glJxKAoOd8lo3tRDMJrv6Sr9INKe2x20zGPNnMZVssZWq6xb9BYIizxveVqGBVD7hDNXQzm4jy5cj2I%2FiQN1TvYFpYugmnlsdmZ%2Bb4Hn%2B3JHK0qgGU
2024-11-29,留几手和节目组摄影师吵起来了,综艺 187615,/l?e=dbbd7GsdBTAdDxUEp4w6wpAdSpul%2FZ5bMWd7hqGhiB%2BC%2FI8W8m7UoAG3Wm93Gvsf%2FVzXHxRyC8lcmc69zUS1mD9U53pNAqnkf2D2nY4IHum5EnG0Fym9DBHihCAC9PbUNHGxdUERYaS9pjWZr1%2FWcfs29MeUwpa9nbOXapBrIukfr7z0OOxxh2rNE2BCPUBdXSbkKpov4cEM%2F8nLxKrdB2Ja8FaZWTFr26bDUCEst%2FxunRlJout2jcN0EEMt76Mq6Q3kSsZYLhkEjeDFCycPnxWMsDhlC6G8qkZIRQKNK%2FuCOwIn9uO9DhurRw4biYwTkee%2FkvNtxMjXS3xthFBdoPZHW6vkaUEa8ISwuMphmDljszqMXT2aZiHHNsQblB4WTkisDf2P19f36QbHu%2FOcwRKel9uU%2F0Y
2024-11-29,老人吃腌萝卜后中毒整个人紫了,16.3万,/l?e=d006oaHeWIbBDJpj89Cgdn5uhPrluE7YNq4lhWq06blG4gXJsIkwxtC4lli4n7XwfredHDSCn%2BXf%2B79yrqVve3RU3SiHyj2ZJ334IRP%2FrZO%2Bv6F9AEmrSMOG490PzQDCQOm6s%2FHLOO6rFBCTXDWo%2FQ%2FGks7jwmpbqY8uv%2BdwQI%2Bc%2FYuf9iGGlKRNR6g2xMnCZAdII8woincVZu9ckrGMM4xruQDGeJtvlZSzO4f1eoPD01aF5UOB5WQMCLzX%2FX9awbwA843WI%2FGe5GlMa7dhLMDPBh0d3tL1KJHbybmAJ8gZHeaDzc%2FaDdRilG2xzFFGc%2FB1oWHJ1HQ0hc7iKlKBZuhqQFgtqs%2FDTMQSVMuFUarkPCl7DFKgC%2FQDWp%2F34SxTja7bKUx5But8GRXqkyyFOT8lzgLw23M
2024-11-29,丁禹兮 我真的没有在晚上背梗,12.2万,/l?e=af9ccndaN%2FWUW38PHb%2FNrQlCgHj8KbuPfrJDvql5I9u79gE1VRkBZoXT6TOZ1oO9N29vrXNZZ5JzK6rwLb9py8cBU8Ii5OAld1s%2B%2F9IQi2EouDWptoTV%2FpMPntg5e8rQr%2BJATpSLCZ9NqzOSUq%2FATfDMGjS84hzE2wmm3ZnTxHM5JKWKuLnGfnX%2FpdoU75aaJY0hfPbUf7JgO8oAbAY99Cd4LMggPtRiZKOSScQlx%2B9Ru9TFtCVdr0e9%2BfHIZ5jjBokbpswyasO4Fy1KaaM5B7vd2Yvk2kEiZu87KZbVMhUOtf%2FsZEqLownBGuvHauhGz3Vf9AUInR%2F%2BFMGEEZNK36vPiD%2FsgOYwJzz38Zkq3cidMLDvpTWTRLOpTxyESpcqqnSUMx9N6LEmf5k
2024-11-29,破地狱定档,电影 108850,/l?e=6dc7qIzsx%2BR2R76HkCWNSBNFHspg3XR6hVX0AceLuGKJkQIJggi7aIKEK8VZZOJ0oi8TQcYM3Kj2Zluxbv0tO%2BSFw96wkbSg%2FQga2ne4cKsbe6wZRUBCoUqp07Z%2BVbfDD0Bt9xftp9lAPHwDZLjKUnlAMrTwB9rVKC4dUthKlMboYVp6XPcDO4FhCj9AdC91wOA6vleCYSt168Fdz5fP7DcNW%2BDsclDof8Z5S64S2tc
2024-11-29,Ning王队战胜Icon队,17.1万,/l?e=b110vWNFPB1UR06acXSFjHhQYfEz3yBkE%2B7bMRs2%2B%2BdyafcjyZztJ8%2Bf83iWnTI7U1DxkxpYQik0Y43vVXhNTxRO1gRTez7E6fygxT4ZX9TEzKaUhNuru5A3ZyvMyovmgzA2NwvGGFOwV5pspT0rMwWfoZMUgt0Qwsr2IVF9adqpgeuWEkKpgTVqf%2BcF5QwsjElcRVv%2BVilhPVDfsw7MsQJXVtXjGoLadNbMsNCES%2BN9BCBr0gYvYw
